// このファイルは tools/gen_icon.py が生成する。手で編集しないこと。
// glfwSetWindowIcon に渡す RGBA 画素（行優先・各画素 R,G,B,A の 4 バイト）。

static const unsigned char kIcon16[16 * 16 * 4] = {
    0x00,0x00,0x00,0x00,0x15,0x15,0x1a,0x5f,0x18,0x18,0x1c,0xdd,0x17,0x17,0x1c,0xfc,
    0x17,0x17,0x1c,0xfe,0x17,0x17,0x1c,0xff,0x17,0x17,0x1c,0xff,0x17,0x17,0x1c,0xff,
    0x17,0x17,0x1c,0xff,0x17,0x17,0x1c,0xff,0x17,0x17,0x1c,0xff,0x17,0x17,0x1c,0xfe,
    0x17,0x17,0x1c,0xfc,0x18,0x18,0x1c,0xdd,0x15,0x15,0x1a,0x5f,0x00,0x00,0x00,0x00,
    0x16,0x16,0x1b,0x5c,0x18,0x18,0x1d,0xff,0x18,0x19,0x1e,0xff,0x17,0x19,0x1e,0xff,
    0x19,0x18,0x1d,0xff,0x18,0x19,0x1d,0xff,0x18,0x19,0x1d,0xff,0x18,0x1a,0x1d,0xff,
    0x19,0x19,0x1d,0xff,0x1a,0x19,0x1d,0xff,0x1a,0x1a,0x1c,0xff,0x19,0x19,0x1c,0xff,
    0x17,0x17,0x1c,0xff,0x18,0x18,0x1d,0xff,0x18,0x18,0x1d,0xff,0x16,0x16,0x1b,0x5c,
    0x17,0x17,0x1b,0xe5,0x17,0x17,0x1c,0xff,0x15,0x11,0x15,0xfc,0x16,0x10,0x14,0xff,
    0x0e,0x11,0x18,0xff,0x14,0x0e,0x16,0xff,0x14,0x0d,0x16,0xff,0x13,0x0c,0x17,0xff,
    0x10,0x0c,0x18,0xff,0x0a,0x0e,0x1a,0xff,0x0b,0x09,0x1a,0xff,0x0c,0x0c,0x1b,0xff,
    0x17,0x17,0x1c,0xff,0x17,0x17,0x1c,0xfc,0x18,0x18,0x1d,0xff,0x17,0x17,0x1b,0xe5,
    0x17,0x17,0x1b,0xff,0x18,0x19,0x1f,0xff,0x20,0x35,0x42,0xff,0x19,0x3e,0x46,0xff,
    0x5a,0x3f,0x37,0xff,0x2b,0x49,0x3f,0xff,0x25,0x4f,0x3d,0xff,0x2a,0x56,0x39,0xff,
    0x42,0x55,0x33,0xff,0x6d,0x4c,0x2b,0xff,0x56,0x65,0x28,0xff,0x53,0x50,0x20,0xff,
    0x15,0x15,0x1c,0xff,0x17,0x17,0x1c,0xff,0x17,0x17,0x1c,0xff,0x17,0x17,0x1c,0xff,
    0x16,0x15,0x18,0xff,0x1b,0x20,0x2a,0xff,0x31,0x70,0x8d,0xff,0x20,0x88,0x95,0xff,
    0x9a,0x79,0x62,0xff,0x46,0xa2,0x7e,0xff,0x40,0xb8,0x7b,0xff,0x51,0xcb,0x6e,0xff,
    0x82,0xc4,0x5b,0xff,0xd6,0xa0,0x40,0xff,0xce,0xf5,0x3f,0xff,0xce,0xc5,0x29,0xff,
    0x15,0x14,0x1b,0xff,0x17,0x17,0x1c,0xff,0x17,0x17,0x1c,0xff,0x17,0x17,0x1c,0xff,
    0x16,0x15,0x18,0xff,0x1b,0x21,0x2b,0xff,0x31,0x6f,0x8c,0xff,0x21,0x86,0x93,0xff,
    0x8e,0x74,0x60,0xff,0x44,0xa0,0x7c,0xff,0x40,0xb6,0x79,0xff,0x50,0xc8,0x6d,0xff,
    0x7e,0xc1,0x5a,0xff,0xc8,0x9a,0x3e,0xff,0xcd,0xf2,0x3e,0xff,0xcd,0xc4,0x28,0xff,
    0x16,0x15,0x1b,0xff,0x17,0x17,0x1c,0xff,0x17,0x17,0x1c,0xff,0x17,0x17,0x1c,0xff,
    0x16,0x16,0x1a,0xff,0x19,0x1d,0x25,0xff,0x2a,0x56,0x6c,0xff,0x1b,0x67,0x73,0xff,
    0x96,0x66,0x51,0xff,0x39,0x7b,0x62,0xff,0x34,0x8b,0x60,0xff,0x3f,0x98,0x57,0xff,
    0x6c,0x95,0x4a,0xff,0xc2,0x83,0x39,0xff,0x90,0xb4,0x34,0xff,0x99,0x91,0x25,0xff,
    0x14,0x14,0x1b,0xff,0x17,0x18,0x1c,0xff,0x17,0x17,0x1c,0xff,0x17,0x17,0x1c,0xff,
    0x17,0x17,0x1c,0xff,0x17,0x16,0x1b,0xff,0x19,0x14,0x18,0xff,0x09,0x0f,0x17,0xff,
    0x6b,0x2d,0x23,0xff,0x72,0x2d,0x22,0xff,0x03,0x0d,0x17,0xff,0x19,0x13,0x1a,0xff,
    0x0f,0x11,0x1a,0xff,0x8e,0x37,0x28,0xff,0x51,0x22,0x22,0xff,0x00,0x0c,0x1a,0xff,
    0x1b,0x19,0x1d,0xff,0x18,0x19,0x1c,0xff,0x17,0x17,0x1c,0xff,0x17,0x17,0x1c,0xff,
    0x17,0x17,0x1c,0xff,0x17,0x17,0x1c,0xff,0x17,0x18,0x1d,0xff,0x18,0x18,0x1c,0xff,
    0x0c,0x12,0x17,0xff,0x96,0x3a,0x26,0xff,0x3d,0x21,0x1e,0xff,0x10,0x12,0x17,0xff,
    0x15,0x13,0x19,0xff,0x14,0x11,0x18,0xff,0x9e,0x3a,0x27,0xff,0x42,0x21,0x1f,0xff,
    0x0b,0x0e,0x19,0xff,0x13,0x10,0x1a,0xff,0x16,0x16,0x1c,0xff,0x17,0x17,0x1c,0xff,
    0x17,0x17,0x1c,0xff,0x17,0x18,0x1d,0xff,0x16,0x16,0x19,0xff,0x1e,0x1e,0x29,0xff,
    0x20,0x4b,0x73,0xff,0x63,0x56,0x60,0xff,0x7b,0x63,0x5a,0xff,0x10,0x70,0x74,0xff,
    0x2d,0x7c,0x69,0xff,0x28,0x88,0x62,0xff,0x62,0x85,0x53,0xff,0xa5,0x81,0x44,0xff,
    0x5b,0xa8,0x48,0xff,0x86,0xa2,0x38,0xff,0x25,0x26,0x1e,0xff,0x13,0x13,0x1b,0xff,
    0x17,0x17,0x1c,0xff,0x17,0x18,0x1d,0xff,0x16,0x15,0x17,0xff,0x20,0x21,0x31,0xff,
    0x2c,0x61,0x97,0xff,0x67,0x67,0x76,0xff,0x76,0x73,0x6c,0xff,0x15,0x94,0x95,0xff,
    0x30,0xa0,0x86,0xff,0x38,0xb5,0x7e,0xff,0x6c,0xa9,0x66,0xff,0xa5,0x9a,0x4d,0xff,
    0x7d,0xdf,0x59,0xff,0xb2,0xda,0x43,0xff,0x2e,0x30,0x1f,0xff,0x11,0x11,0x1b,0xff,
    0x17,0x17,0x1c,0xff,0x17,0x18,0x1d,0xff,0x16,0x15,0x17,0xff,0x20,0x21,0x30,0xff,
    0x2b,0x62,0x98,0xff,0x6e,0x6a,0x78,0xff,0x7f,0x76,0x6e,0xff,0x14,0x95,0x97,0xff,
    0x31,0xa2,0x87,0xff,0x36,0xb7,0x7f,0xff,0x72,0xad,0x68,0xff,0xb1,0x9e,0x4f,0xff,
    0x7d,0xe2,0x5a,0xff,0xb3,0xdc,0x44,0xff,0x2d,0x2f,0x1f,0xff,0x11,0x11,0x1b,0xff,
    0x17,0x17,0x1c,0xff,0x17,0x17,0x1c,0xff,0x17,0x16,0x1b,0xff,0x1a,0x1a,0x21,0xff,
    0x1b,0x30,0x46,0xff,0x40,0x37,0x3e,0xff,0x4b,0x3d,0x3a,0xff,0x13,0x42,0x47,0xff,
    0x21,0x48,0x42,0xff,0x20,0x4e,0x3e,0xff,0x3e,0x4e,0x37,0xff,0x5f,0x4c,0x30,0xff,
    0x38,0x5e,0x32,0xff,0x4c,0x59,0x2a,0xff,0x1c,0x1d,0x1d,0xff,0x16,0x15,0x1c,0xff,
    0x17,0x17,0x1b,0xe5,0x18,0x18,0x1d,0xff,0x17,0x17,0x1c,0xfc,0x16,0x16,0x1b,0xff,
    0x16,0x12,0x14,0xff,0x11,0x12,0x16,0xff,0x10,0x11,0x17,0xff,0x17,0x0f,0x14,0xff,
    0x15,0x0e,0x15,0xff,0x15,0x0d,0x16,0xff,0x11,0x0d,0x17,0xff,0x0d,0x0e,0x19,0xff,
    0x11,0x0a,0x18,0xff,0x0d,0x0b,0x19,0xfc,0x16,0x16,0x1d,0xff,0x17,0x17,0x1b,0xe5,
    0x16,0x16,0x1b,0x5c,0x18,0x18,0x1d,0xff,0x18,0x18,0x1d,0xff,0x17,0x17,0x1c,0xff,
    0x17,0x18,0x1e,0xff,0x18,0x18,0x1d,0xff,0x19,0x18,0x1d,0xff,0x17,0x19,0x1e,0xff,
    0x17,0x19,0x1e,0xff,0x17,0x19,0x1d,0xff,0x18,0x19,0x1d,0xff,0x19,0x19,0x1d,0xff,
    0x18,0x1a,0x1d,0xff,0x1a,0x1a,0x1d,0xff,0x18,0x18,0x1d,0xff,0x16,0x16,0x1b,0x5c,
    0x00,0x00,0x00,0x00,0x15,0x15,0x1a,0x5f,0x18,0x18,0x1c,0xdd,0x17,0x17,0x1c,0xfc,
    0x17,0x17,0x1c,0xfe,0x17,0x17,0x1c,0xff,0x17,0x17,0x1c,0xff,0x17,0x17,0x1c,0xff,
    0x17,0x17,0x1c,0xff,0x17,0x17,0x1c,0xff,0x17,0x17,0x1c,0xff,0x17,0x17,0x1c,0xfe,
    0x17,0x17,0x1c,0xfc,0x18,0x18,0x1c,0xdd,0x15,0x15,0x1a,0x5f,0x00,0x00,0x00,0x00,
};

static const unsigned char kIcon32[32 * 32 * 4] = {
    0x00,0x00,0x00,0x00,0x00,0x00,0x00,0x03,0x00,0x00,0x00,0x00,0x18,0x18,0x18,0x1f,
    0x17,0x17,0x1c,0x8e,0x17,0x17,0x1d,0xda,0x17,0x17,0x1c,0xf9,0x17,0x17,0x1c,0xfe,
    0x17,0x17,0x1c,0xff,0x17,0x17,0x1c,0xff,0x17,0x17,0x1c,0xff,0x17,0x17,0x1c,0xff,
    0x17,0x17,0x1c,0xff,0x17,0x17,0x1c,0xff,0x17,0x17,0x1c,0xff,0x17,0x17,0x1c,0xff,
    0x17,0x17,0x1c,0xff,0x17,0x17,0x1c,0xff,0x17,0x17,0x1c,0xff,0x17,0x17,0x1c,0xff,
    0x17,0x17,0x1c,0xff,0x17,0x17,0x1c,0xff,0x17,0x17,0x1c,0xff,0x17,0x17,0x1c,0xff,
    0x17,0x17,0x1c,0xfe,0x17,0x17,0x1c,0xf9,0x17,0x17,0x1d,0xda,0x17,0x17,0x1c,0x8e,
    0x18,0x18,0x18,0x1f,0x00,0x00,0x00,0x00,0x00,0x00,0x00,0x03,0x00,0x00,0x00,0x00,
    0x00,0x00,0x00,0x03,0x00,0x00,0x00,0x00,0x17,0x17,0x1a,0x58,0x18,0x18,0x1c,0xe9,
    0x18,0x18,0x1e,0xff,0x18,0x18,0x1d,0xff,0x17,0x17,0x1c,0xff,0x17,0x17,0x1c,0xff,
    0x17,0x17,0x1c,0xff,0x17,0x17,0x1c,0xff,0x17,0x17,0x1c,0xff,0x17,0x17,0x1c,0xff,
    0x17,0x17,0x1c,0xff,0x17,0x17,0x1c,0xff,0x17,0x17,0x1c,0xff,0x17,0x17,0x1c,0xff,
    0x17,0x17,0x1c,0xff,0x17,0x17,0x1c,0xff,0x17,0x17,0x1c,0xff,0x17,0x17,0x1c,0xff,
    0x17,0x17,0x1c,0xff,0x17,0x17,0x1c,0xff,0x17,0x17,0x1c,0xff,0x17,0x17,0x1c,0xff,
    0x17,0x17,0x1c,0xff,0x17,0x17,0x1c,0xff,0x18,0x18,0x1d,0xff,0x18,0x18,0x1e,0xff,
    0x18,0x18,0x1c,0xe9,0x17,0x17,0x1a,0x58,0x00,0x00,0x00,0x00,0x00,0x00,0x00,0x03,
    0x00,0x00,0x00,0x00,0x18,0x18,0x1b,0x55,0x19,0x19,0x1e,0xff,0x18,0x18,0x1d,0xff,
    0x17,0x17,0x1c,0xfc,0x17,0x17,0x1c,0xfe,0x17,0x17,0x1c,0xff,0x17,0x17,0x1c,0xff,
    0x17,0x17,0x1c,0xff,0x17,0x17,0x1c,0xff,0x17,0x17,0x1c,0xff,0x17,0x17,0x1c,0xff,
    0x17,0x17,0x1c,0xff,0x17,0x17,0x1c,0xff,0x17,0x17,0x1c,0xff,0x17,0x17,0x1c,0xff,
    0x17,0x17,0x1c,0xff,0x17,0x17,0x1c,0xff,0x17,0x17,0x1c,0xff,0x17,0x17,0x1c,0xff,
    0x17,0x17,0x1c,0xff,0x17,0x17,0x1c,0xff,0x17,0x17,0x1c,0xff,0x17,0x17,0x1c,0xff,
    0x17,0x17,0x1c,0xff,0x17,0x17,0x1c,0xff,0x17,0x17,0x1c,0xfe,0x17,0x17,0x1c,0xfc,
    0x18,0x18,0x1d,0xff,0x19,0x19,0x1e,0xff,0x18,0x18,0x1b,0x55,0x00,0x00,0x00,0x00,
    0x1a,0x1a,0x1a,0x1d,0x17,0x17,0x1b,0xef,0x18,0x18,0x1d,0xfe,0x17,0x17,0x1c,0xfc,
    0x17,0x17,0x1c,0xff,0x17,0x17,0x1c,0xff,0x17,0x17,0x1c,0xff,0x17,0x17,0x1c,0xff,
    0x17,0x17,0x1c,0xff,0x17,0x17,0x1c,0xff,0x17,0x17,0x1c,0xff,0x17,0x17,0x1c,0xff,
    0x17,0x17,0x1c,0xff,0x17,0x17,0x1c,0xff,0x17,0x17,0x1c,0xff,0x17,0x17,0x1c,0xff,
    0x17,0x17,0x1c,0xff,0x17,0x17,0x1c,0xff,0x17,0x17,0x1c,0xff,0x17,0x17,0x1c,0xff,
    0x17,0x17,0x1c,0xff,0x17,0x17,0x1c,0xff,0x17,0x17,0x1c,0xff,0x17,0x17,0x1c,0xff,
    0x17,0x17,0x1c,0xff,0x17,0x17,0x1c,0xff,0x17,0x17,0x1c,0xff,0x17,0x17,0x1c,0xff,
    0x17,0x17,0x1c,0xfc,0x18,0x18,0x1d,0xfe,0x17,0x17,0x1b,0xef,0x1a,0x1a,0x1a,0x1d,
    0x17,0x17,0x1c,0x8f,0x18,0x18,0x1e,0xff,0x17,0x17,0x1c,0xfc,0x17,0x17,0x1c,0xff,
    0x17,0x17,0x1c,0xff,0x17,0x17,0x1c,0xff,0x17,0x17,0x1c,0xff,0x17,0x17,0x1c,0xff,
    0x18,0x17,0x1c,0xff,0x18,0x17,0x1c,0xff,0x17,0x17,0x1c,0xff,0x17,0x17,0x1c,0xff,
    0x17,0x17,0x1c,0xff,0x17,0x17,0x1c,0xff,0x17,0x17,0x1c,0xff,0x17,0x17,0x1c,0xff,
    0x17,0x17,0x1c,0xff,0x17,0x17,0x1c,0xff,0x19,0x17,0x1c,0xff,0x17,0x17,0x1c,0xff,
    0x17,0x17,0x1c,0xff,0x17,0x17,0x1c,0xff,0x17,0x17,0x1c,0xff,0x17,0x17,0x1c,0xff,
    0x17,0x17,0x1c,0xff,0x17,0x17,0x1c,0xff,0x17,0x17,0x1c,0xff,0x17,0x17,0x1c,0xff,
    0x17,0x17,0x1c,0xff,0x17,0x17,0x1c,0xfc,0x18,0x18,0x1e,0xff,0x17,0x17,0x1c,0x8f,
    0x16,0x16,0x1b,0xdf,0x18,0x18,0x1d,0xfe,0x17,0x17,0x1c,0xfe,0x17,0x17,0x1c,0xff,
    0x17,0x18,0x1d,0xff,0x17,0x18,0x1d,0xff,0x17,0x18,0x1d,0xff,0x18,0x18,0x1d,0xff,
    0x15,0x17,0x1d,0xff,0x11,0x15,0x1c,0xff,0x17,0x18,0x1d,0xff,0x17,0x18,0x1d,0xff,
    0x17,0x18,0x1d,0xff,0x17,0x19,0x1d,0xff,0x18,0x19,0x1d,0xff,0x18,0x19,0x1d,0xff,
    0x18,0x19,0x1d,0xff,0x17,0x19,0x1d,0xff,0x10,0x15,0x1b,0xff,0x17,0x18,0x1c,0xff,
    0x19,0x19,0x1c,0xff,0x19,0x19,0x1c,0xff,0x19,0x19,0x1c,0xff,0x19,0x19,0x1c,0xff,
    0x17,0x17,0x1c,0xff,0x17,0x17,0x1c,0xff,0x17,0x17,0x1c,0xff,0x17,0x17,0x1c,0xff,
    0x17,0x17,0x1c,0xff,0x17,0x17,0x1c,0xfe,0x18,0x18,0x1d,0xfe,0x16,0x16,0x1b,0xdf,
    0x17,0x17,0x1c,0xfb,0x17,0x17,0x1c,0xff,0x17,0x17,0x1c,0xff,0x17,0x16,0x1b,0xff,
    0x16,0x13,0x16,0xff,0x16,0x13,0x17,0xff,0x17,0x13,0x17,0xff,0x14,0x11,0x16,0xff,
    0x21,0x16,0x1a,0xff,0x33,0x1e,0x1e,0xff,0x15,0x10,0x17,0xff,0x16,0x11,0x18,0xff,
    0x15,0x10,0x18,0xff,0x15,0x10,0x18,0xff,0x14,0x10,0x18,0xff,0x14,0x0f,0x19,0xff,
    0x13,0x0f,0x19,0xff,0x15,0x10,0x1a,0xff,0x34,0x1f,0x1f,0xff,0x17,0x11,0x1b,0xff,
    0x0e,0x0e,0x1a,0xff,0x0f,0x0e,0x1b,0xff,0x0d,0x0d,0x1b,0xff,0x0e,0x0f,0x1c,0xff,
    0x18,0x18,0x1c,0xff,0x17,0x17,0x1c,0xff,0x17,0x17,0x1c,0xff,0x17,0x17,0x1c,0xff,
    0x17,0x17,0x1c,0xff,0x17,0x17,0x1c,0xff,0x17,0x17,0x1c,0xff,0x17,0x17,0x1c,0xfb,
    0x17,0x17,0x1c,0xff,0x17,0x17,0x1c,0xff,0x16,0x16,0x1a,0xff,0x19,0x1d,0x24,0xff,
    0x28,0x4f,0x67,0xff,0x27,0x5b,0x6e,0xff,0x27,0x5f,0x6c,0xff,0x13,0x67,0x71,0xff,
    0x65,0x65,0x5a,0xff,0xda,0x5d,0x3b,0xff,0x20,0x79,0x69,0xff,0x2e,0x7d,0x63,0xff,
    0x33,0x83,0x5e,0xff,0x39,0x88,0x5b,0xff,0x3f,0x8e,0x56,0xff,0x46,0x93,0x52,0xff,
    0x4a,0x9a,0x4e,0xff,0x67,0x97,0x46,0xff,0xee,0x5f,0x34,0xff,0x90,0x97,0x3a,0xff,
    0x87,0xa7,0x36,0xff,0x9a,0xa5,0x2f,0xff,0xb6,0xb4,0x2a,0xff,0x6f,0x69,0x21,0xff,
    0x0d,0x0e,0x1b,0xff,0x19,0x19,0x1c,0xff,0x17,0x17,0x1c,0xff,0x17,0x17,0x1c,0xff,
    0x17,0x17,0x1c,0xff,0x17,0x17,0x1c,0xff,0x17,0x17,0x1c,0xff,0x17,0x17,0x1c,0xff,
    0x17,0x17,0x1c,0xff,0x17,0x18,0x1d,0xff,0x16,0x14,0x17,0xff,0x1c,0x27,0x32,0xff,
    0x33,0x70,0x94,0xff,0x2e,0x77,0x91,0xff,0x2d,0x7f,0x90,0xff,0x18,0x8d,0x98,0xff,
    0x69,0x7f,0x73,0xff,0xde,0x64,0x41,0xff,0x27,0xa6,0x8c,0xff,0x38,0xab,0x82,0xff,
    0x40,0xb3,0x7c,0xff,0x49,0xbc,0x77,0xff,0x51,0xc3,0x70,0xff,0x5a,0xcb,0x6a,0xff,
    0x63,0xd5,0x65,0xff,0x84,0xcf,0x58,0xff,0xf4,0x65,0x36,0xff,0xb8,0xcc,0x46,0xff,
    0xbd,0xe9,0x42,0xff,0xd5,0xe5,0x37,0xff,0xfd,0xfa,0x30,0xff,0xb8,0xad,0x24,0xff,
    0x0a,0x0a,0x1b,0xff,0x1a,0x1a,0x1c,0xff,0x17,0x17,0x1c,0xff,0x17,0x17,0x1c,0xff,
    0x17,0x17,0x1c,0xff,0x17,0x17,0x1c,0xff,0x17,0x17,0x1c,0xff,0x17,0x17,0x1c,0xff,
    0x17,0x17,0x1c,0xff,0x17,0x18,0x1d,0xff,0x16,0x14,0x17,0xff,0x1c,0x26,0x31,0xff,
    0x31,0x6a,0x8c,0xff,0x2d,0x71,0x8a,0xff,0x2c,0x79,0x89,0xff,0x17,0x86,0x90,0xff,
    0x68,0x7a,0x6e,0xff,0xdd,0x63,0x40,0xff,0x26,0x9c,0x85,0xff,0x36,0xa1,0x7c,0xff,
    0x3e,0xa9,0x76,0xff,0x45,0xb1,0x71,0xff,0x4d,0xb8,0x6b,0xff,0x56,0xc0,0x65,0xff,
    0x5e,0xc9,0x60,0xff,0x7e,0xc4,0x54,0xff,0xf2,0x64,0x36,0xff,0xaf,0xc1,0x44,0xff,
    0xb2,0xdc,0x40,0xff,0xc9,0xd8,0x36,0xff,0xee,0xeb,0x2f,0xff,0xad,0xa2,0x24,0xff,
    0x0b,0x0b,0x1b,0xff,0x1a,0x1a,0x1c,0xff,0x17,0x17,0x1c,0xff,0x17,0x17,0x1c,0xff,
    0x17,0x17,0x1c,0xff,0x17,0x17,0x1c,0xff,0x17,0x17,0x1c,0xff,0x17,0x17,0x1c,0xff,
    0x17,0x17,0x1c,0xff,0x17,0x18,0x1d,0xff,0x16,0x14,0x17,0xff,0x1c,0x26,0x31,0xff,
    0x31,0x6b,0x8d,0xff,0x2d,0x72,0x8b,0xff,0x2c,0x7a,0x8a,0xff,0x17,0x87,0x91,0xff,
    0x68,0x7b,0x6f,0xff,0xdd,0x63,0x40,0xff,0x26,0x9e,0x86,0xff,0x36,0xa3,0x7d,0xff,
    0x3e,0xab,0x77,0xff,0x46,0xb3,0x72,0xff,0x4e,0xba,0x6c,0xff,0x57,0xc2,0x66,0xff,
    0x5f,0xcb,0x61,0xff,0x7f,0xc6,0x55,0xff,0xf3,0x64,0x36,0xff,0xb1,0xc3,0x44,0xff,
    0xb4,0xde,0x40,0xff,0xcb,0xda,0x36,0xff,0xf1,0xee,0x2f,0xff,0xaf,0xa4,0x24,0xff,
    0x0b,0x0b,0x1b,0xff,0x1a,0x1a,0x1c,0xff,0x17,0x17,0x1c,0xff,0x17,0x17,0x1c,0xff,
    0x17,0x17,0x1c,0xff,0x17,0x17,0x1c,0xff,0x17,0x17,0x1c,0xff,0x17,0x17,0x1c,0xff,
    0x17,0x17,0x1c,0xff,0x17,0x18,0x1d,0xff,0x16,0x14,0x17,0xff,0x1c,0x26,0x31,0xff,
    0x31,0x6a,0x8b,0xff,0x2d,0x70,0x89,0xff,0x2c,0x78,0x88,0xff,0x17,0x85,0x8f,0xff,
    0x68,0x7a,0x6e,0xff,0xdd,0x63,0x40,0xff,0x26,0x9c,0x84,0xff,0x35,0xa1,0x7b,0xff,
    0x3d,0xa9,0x76,0xff,0x45,0xb0,0x71,0xff,0x4d,0xb7,0x6b,0xff,0x56,0xbf,0x65,0xff,
    0x5e,0xc8,0x60,0xff,0x7d,0xc3,0x54,0xff,0xf3,0x64,0x36,0xff,0xb0,0xc1,0x43,0xff,
    0xb1,0xdb,0x3f,0xff,0xc8,0xd7,0x36,0xff,0xed,0xea,0x2f,0xff,0xad,0xa2,0x24,0xff,
    0x0b,0x0b,0x1b,0xff,0x1a,0x1a,0x1c,0xff,0x17,0x17,0x1c,0xff,0x17,0x17,0x1c,0xff,
    0x17,0x17,0x1c,0xff,0x17,0x17,0x1c,0xff,0x17,0x17,0x1c,0xff,0x17,0x17,0x1c,0xff,
    0x17,0x17,0x1c,0xff,0x17,0x18,0x1d,0xff,0x16,0x14,0x17,0xff,0x1c,0x26,0x31,0xff,
    0x33,0x71,0x94,0xff,0x2f,0x79,0x93,0xff,0x2d,0x81,0x92,0xff,0x18,0x8f,0x9a,0xff,
    0x68,0x81,0x74,0xff,0xdb,0x64,0x41,0xff,0x29,0xa8,0x8e,0xff,0x38,0xad,0x84,0xff,
    0x41,0xb6,0x7e,0xff,0x49,0xbe,0x78,0xff,0x52,0xc6,0x72,0xff,0x5c,0xce,0x6b,0xff,
    0x65,0xd8,0x66,0xff,0x86,0xd2,0x59,0xff,0xf1,0x64,0x36,0xff,0xb8,0xce,0x47,0xff,
    0xc1,0xed,0x43,0xff,0xd8,0xe8,0x38,0xff,0xff,0xfe,0x30,0xff,0xb7,0xab,0x24,0xff,
    0x0a,0x0a,0x1b,0xff,0x1a,0x1a,0x1c,0xff,0x17,0x17,0x1c,0xff,0x17,0x17,0x1c,0xff,
    0x17,0x17,0x1c,0xff,0x17,0x17,0x1c,0xff,0x17,0x17,0x1c,0xff,0x17,0x17,0x1c,0xff,
    0x17,0x17,0x1c,0xff,0x17,0x17,0x1c,0xff,0x17,0x16,0x1b,0xff,0x18,0x1a,0x20,0xff,
    0x23,0x3f,0x51,0xff,0x23,0x49,0x58,0xff,0x24,0x4c,0x56,0xff,0x0f,0x50,0x59,0xff,
    0x67,0x57,0x4c,0xff,0xe3,0x5c,0x39,0xff,0x18,0x5d,0x54,0xff,0x29,0x62,0x50,0xff,
    0x2c,0x66,0x4c,0xff,0x30,0x6a,0x4a,0xff,0x34,0x6e,0x47,0xff,0x39,0x72,0x43,0xff,
    0x3b,0x76,0x41,0xff,0x54,0x76,0x3b,0xff,0xfb,0x60,0x35,0xff,0x7c,0x78,0x33,0xff,
    0x62,0x7e,0x2e,0xff,0x79,0x7f,0x2a,0xff,0x8a,0x89,0x26,0xff,0x51,0x4d,0x1f,0xff,
    0x10,0x10,0x1b,0xff,0x19,0x19,0x1c,0xff,0x17,0x17,0x1c,0xff,0x17,0x17,0x1c,0xff,
    0x17,0x17,0x1c,0xff,0x17,0x17,0x1c,0xff,0x17,0x17,0x1c,0xff,0x17,0x17,0x1c,0xff,
    0x17,0x17,0x1c,0xff,0x17,0x17,0x1c,0xff,0x17,0x17,0x1c,0xff,0x17,0x16,0x1b,0xff,
    0x15,0x11,0x14,0xff,0x15,0x10,0x14,0xff,0x17,0x10,0x14,0xff,0x12,0x0e,0x13,0xff,
    0x24,0x15,0x18,0xff,0xf0,0x53,0x30,0xff,0x6a,0x25,0x1d,0xff,0x03,0x08,0x13,0xff,
    0x19,0x0d,0x16,0xff,0x13,0x0c,0x16,0xff,0x13,0x0b,0x16,0xff,0x13,0x0b,0x17,0xff,
    0x13,0x0a,0x17,0xff,0x06,0x08,0x17,0xff,0xaa,0x40,0x2a,0xff,0xd2,0x44,0x2d,0xff,
    0x08,0x08,0x19,0xff,0x07,0x08,0x1a,0xff,0x09,0x08,0x1b,0xff,0x0d,0x0e,0x1c,0xff,
    0x18,0x18,0x1c,0xff,0x17,0x17,0x1c,0xff,0x17,0x17,0x1c,0xff,0x17,0x17,0x1c,0xff,
    0x17,0x17,0x1c,0xff,0x17,0x17,0x1c,0xff,0x17,0x17,0x1c,0xff,0x17,0x17,0x1c,0xff,
    0x17,0x17,0x1c,0xff,0x17,0x17,0x1c,0xff,0x17,0x17,0x1c,0xff,0x17,0x17,0x1c,0xff,
    0x17,0x18,0x1e,0xff,0x17,0x19,0x1e,0xff,0x17,0x19,0x1e,0xff,0x1b,0x1a,0x1e,0xff,
    0x06,0x14,0x1c,0xff,0x5f,0x2c,0x23,0xff,0xfd,0x5b,0x35,0xff,0x29,0x1e,0x1f,0xff,
    0x11,0x18,0x1d,0xff,0x1a,0x1a,0x1d,0xff,0x18,0x1a,0x1d,0xff,0x18,0x1a,0x1d,0xff,
    0x19,0x1a,0x1d,0xff,0x17,0x1a,0x1d,0xff,0x0b,0x14,0x1b,0xff,0xc7,0x4c,0x2e,0xff,
    0xcf,0x4f,0x2f,0xff,0x0f,0x17,0x1b,0xff,0x1a,0x1a,0x1c,0xff,0x1b,0x19,0x1c,0xff,
    0x17,0x17,0x1c,0xff,0x17,0x17,0x1c,0xff,0x17,0x17,0x1c,0xff,0x17,0x17,0x1c,0xff,
    0x17,0x17,0x1c,0xff,0x17,0x17,0x1c,0xff,0x17,0x17,0x1c,0xff,0x17,0x17,0x1c,0xff,
    0x17,0x17,0x1c,0xff,0x17,0x17,0x1c,0xff,0x17,0x17,0x1c,0xff,0x17,0x17,0x1c,0xff,
    0x17,0x17,0x1c,0xff,0x17,0x17,0x1c,0xff,0x17,0x17,0x1c,0xff,0x17,0x17,0x1c,0xff,
    0x1c,0x19,0x1e,0xff,0x03,0x12,0x1c,0xff,0xae,0x43,0x2d,0xff,0xcd,0x4c,0x2f,0xff,
    0x07,0x13,0x1b,0xff,0x19,0x19,0x1e,0xff,0x17,0x19,0x1e,0xff,0x17,0x19,0x1e,0xff,
    0x17,0x19,0x1e,0xff,0x19,0x1a,0x1e,0xff,0x15,0x19,0x1d,0xff,0x11,0x17,0x1d,0xff,
    0xd6,0x51,0x31,0xff,0xbb,0x48,0x2e,0xff,0x08,0x13,0x1b,0xff,0x18,0x1a,0x1d,0xff,
    0x19,0x1a,0x1d,0xff,0x19,0x1a,0x1d,0xff,0x19,0x1a,0x1d,0xff,0x1a,0x1a,0x1d,0xff,
    0x17,0x17,0x1c,0xff,0x17,0x17,0x1c,0xff,0x17,0x17,0x1c,0xff,0x17,0x17,0x1c,0xff,
    0x17,0x17,0x1c,0xff,0x17,0x17,0x1c,0xff,0x17,0x17,0x1c,0xff,0x17,0x17,0x1c,0xff,
    0x17,0x17,0x1c,0xff,0x17,0x17,0x1c,0xff,0x17,0x17,0x1c,0xff,0x16,0x16,0x1a,0xff,
    0x16,0x12,0x14,0xff,0x13,0x11,0x14,0xff,0x16,0x11,0x13,0xff,0xe8,0x4f,0x2c,0xff,
    0x7c,0x32,0x24,0xff,0x06,0x0b,0x12,0xff,0x19,0x10,0x14,0xff,0x16,0x0e,0x14,0xff,
    0x16,0x0e,0x14,0xff,0x15,0x0d,0x15,0xff,0x17,0x0d,0x15,0xff,0x0f,0x0b,0x15,0xff,
    0x16,0x0c,0x16,0xff,0xde,0x48,0x2c,0xff,0xa0,0x3d,0x29,0xff,0x06,0x07,0x16,0xff,
    0x12,0x0a,0x18,0xff,0x0f,0x0a,0x18,0xff,0x0d,0x09,0x19,0xff,0x0c,0x09,0x19,0xff,
    0x15,0x15,0x1c,0xff,0x17,0x17,0x1c,0xff,0x17,0x17,0x1c,0xff,0x17,0x17,0x1c,0xff,
    0x17,0x17,0x1c,0xff,0x17,0x17,0x1c,0xff,0x17,0x17,0x1c,0xff,0x17,0x17,0x1c,0xff,
    0x17,0x17,0x1c,0xff,0x17,0x17,0x1c,0xff,0x16,0x16,0x1a,0xff,0x1a,0x1d,0x26,0xff,
    0x28,0x39,0x56,0xff,0x2b,0x3f,0x57,0xff,0x10,0x40,0x59,0xff,0x85,0x4f,0x48,0xff,
    0xd1,0x58,0x3c,0xff,0x10,0x4e,0x59,0xff,0x20,0x54,0x56,0xff,0x1d,0x58,0x57,0xff,
    0x21,0x5c,0x54,0xff,0x25,0x5f,0x51,0xff,0x29,0x63,0x4e,0xff,0x31,0x68,0x4b,0xff,
    0x23,0x6a,0x49,0xff,0x60,0x6b,0x42,0xff,0xf7,0x60,0x36,0xff,0x46,0x75,0x3f,0xff,
    0x48,0x78,0x3c,0xff,0x56,0x79,0x37,0xff,0x62,0x7e,0x34,0xff,0x63,0x74,0x2d,0xff,
    0x1e,0x1f,0x1d,0xff,0x15,0x15,0x1c,0xff,0x17,0x17,0x1c,0xff,0x17,0x17,0x1c,0xff,
    0x17,0x17,0x1c,0xff,0x17,0x17,0x1c,0xff,0x17,0x17,0x1c,0xff,0x17,0x17,0x1c,0xff,
    0x17,0x17,0x1c,0xff,0x17,0x18,0x1e,0xff,0x15,0x13,0x15,0xff,0x23,0x2c,0x42,0xff,
    0x3c,0x60,0x9a,0xff,0x39,0x64,0x90,0xff,0x23,0x71,0x9b,0xff,0x89,0x68,0x69,0xff,
    0xcb,0x63,0x4a,0xff,0x1b,0x8a,0x9a,0xff,0x27,0x91,0x92,0xff,0x23,0x9a,0x93,0xff,
    0x2a,0xa1,0x8e,0xff,0x33,0xa9,0x87,0xff,0x3c,0xb1,0x82,0xff,0x45,0xb8,0x7b,0xff,
    0x46,0xc5,0x78,0xff,0x73,0xb1,0x64,0xff,0xec,0x66,0x38,0xff,0x6f,0xd3,0x63,0xff,
    0x7d,0xdc,0x5c,0xff,0x95,0xde,0x53,0xff,0xaa,0xe3,0x4b,0xff,0xc4,0xe9,0x42,0xff,
    0x39,0x3e,0x22,0xff,0x10,0x0f,0x1b,0xff,0x19,0x19,0x1c,0xff,0x17,0x17,0x1c,0xff,
    0x17,0x17,0x1c,0xff,0x17,0x17,0x1c,0xff,0x17,0x17,0x1c,0xff,0x17,0x17,0x1c,0xff,
    0x17,0x17,0x1c,0xff,0x17,0x18,0x1e,0xff,0x15,0x13,0x15,0xff,0x23,0x2b,0x41,0xff,
    0x39,0x5a,0x90,0xff,0x37,0x5e,0x86,0xff,0x20,0x69,0x90,0xff,0x89,0x64,0x64,0xff,
    0xcc,0x62,0x48,0xff,0x19,0x80,0x8f,0xff,0x26,0x87,0x88,0xff,0x22,0x8f,0x89,0xff,
    0x29,0x96,0x84,0xff,0x31,0x9d,0x7e,0xff,0x38,0xa5,0x79,0xff,0x41,0xab,0x74,0xff,
    0x40,0xb6,0x71,0xff,0x71,0xa6,0x5f,0xff,0xee,0x65,0x38,0xff,0x68,0xc3,0x5d,0xff,
    0x74,0xcc,0x57,0xff,0x8b,0xce,0x4e,0xff,0x9e,0xd2,0x47,0xff,0xb7,0xd9,0x3f,0xff,
    0x38,0x3d,0x22,0xff,0x10,0x0f,0x1b,0xff,0x19,0x19,0x1c,0xff,0x17,0x17,0x1c,0xff,
    0x17,0x17,0x1c,0xff,0x17,0x17,0x1c,0xff,0x17,0x17,0x1c,0xff,0x17,0x17,0x1c,0xff,
    0x17,0x17,0x1c,0xff,0x17,0x18,0x1e,0xff,0x15,0x13,0x15,0xff,0x23,0x2b,0x41,0xff,
    0x3a,0x5b,0x92,0xff,0x37,0x5f,0x88,0xff,0x20,0x6a,0x92,0xff,0x89,0x65,0x65,0xff,
    0xcc,0x62,0x48,0xff,0x19,0x82,0x91,0xff,0x26,0x89,0x8a,0xff,0x22,0x91,0x8b,0xff,
    0x29,0x98,0x86,0xff,0x31,0x9f,0x80,0xff,0x39,0xa7,0x7b,0xff,0x42,0xad,0x75,0xff,
    0x41,0xb9,0x72,0xff,0x71,0xa8,0x60,0xff,0xee,0x65,0x38,0xff,0x69,0xc6,0x5e,0xff,
    0x76,0xcf,0x58,0xff,0x8d,0xd1,0x4f,0xff,0xa0,0xd5,0x48,0xff,0xb9,0xdc,0x40,0xff,
    0x38,0x3d,0x22,0xff,0x10,0x0f,0x1b,0xff,0x19,0x19,0x1c,0xff,0x17,0x17,0x1c,0xff,
    0x17,0x17,0x1c,0xff,0x17,0x17,0x1c,0xff,0x17,0x17,0x1c,0xff,0x17,0x17,0x1c,0xff,
    0x17,0x17,0x1c,0xff,0x17,0x18,0x1e,0xff,0x15,0x13,0x15,0xff,0x23,0x2b,0x40,0xff,
    0x3a,0x5a,0x90,0xff,0x37,0x5e,0x87,0xff,0x20,0x69,0x91,0xff,0x89,0x64,0x64,0xff,
    0xcc,0x62,0x48,0xff,0x19,0x81,0x90,0xff,0x26,0x88,0x89,0xff,0x22,0x8f,0x8a,0xff,
    0x29,0x96,0x85,0xff,0x31,0x9d,0x7f,0xff,0x39,0xa5,0x7a,0xff,0x41,0xab,0x74,0xff,
    0x40,0xb7,0x71,0xff,0x70,0xa6,0x5f,0xff,0xed,0x65,0x38,0xff,0x68,0xc4,0x5d,0xff,
    0x75,0xcd,0x57,0xff,0x8c,0xcf,0x4e,0xff,0x9e,0xd3,0x47,0xff,0xb7,0xd9,0x40,0xff,
    0x38,0x3c,0x22,0xff,0x10,0x0f,0x1b,0xff,0x19,0x19,0x1c,0xff,0x17,0x17,0x1c,0xff,
    0x17,0x17,0x1c,0xff,0x17,0x17,0x1c,0xff,0x17,0x17,0x1c,0xff,0x17,0x17,0x1c,0xff,
    0x17,0x17,0x1c,0xff,0x17,0x18,0x1e,0xff,0x15,0x13,0x15,0xff,0x24,0x2c,0x43,0xff,
    0x3c,0x5f,0x99,0xff,0x39,0x63,0x8e,0xff,0x21,0x6f,0x99,0xff,0x8a,0x68,0x69,0xff,
    0xcd,0x64,0x4a,0xff,0x1a,0x88,0x98,0xff,0x27,0x8f,0x90,0xff,0x23,0x98,0x91,0xff,
    0x2a,0x9f,0x8c,0xff,0x32,0xa7,0x86,0xff,0x3b,0xaf,0x80,0xff,0x44,0xb5,0x7a,0xff,
    0x44,0xc2,0x77,0xff,0x74,0xaf,0x64,0xff,0xef,0x66,0x38,0xff,0x6d,0xd0,0x62,0xff,
    0x7b,0xd9,0x5b,0xff,0x94,0xdb,0x52,0xff,0xa8,0xdf,0x4a,0xff,0xc3,0xe8,0x42,0xff,
    0x3a,0x3f,0x22,0xff,0x10,0x0e,0x1b,0xff,0x19,0x19,0x1c,0xff,0x17,0x17,0x1c,0xff,
    0x17,0x17,0x1c,0xff,0x17,0x17,0x1c,0xff,0x17,0x17,0x1c,0xff,0x17,0x17,0x1c,0xff,
    0x17,0x17,0x1c,0xff,0x17,0x18,0x1d,0xff,0x16,0x15,0x18,0xff,0x1d,0x20,0x2d,0xff,
    0x2f,0x46,0x6d,0xff,0x30,0x4c,0x6c,0xff,0x19,0x52,0x71,0xff,0x84,0x57,0x54,0xff,
    0xc9,0x5b,0x41,0xff,0x14,0x64,0x71,0xff,0x23,0x6a,0x6c,0xff,0x1f,0x70,0x6d,0xff,
    0x24,0x75,0x69,0xff,0x2a,0x7a,0x65,0xff,0x30,0x80,0x61,0xff,0x37,0x84,0x5d,0xff,
    0x33,0x8c,0x5a,0xff,0x64,0x84,0x4f,0xff,0xea,0x5f,0x36,0xff,0x55,0x97,0x4c,0xff,
    0x5b,0x9d,0x48,0xff,0x6d,0x9e,0x41,0xff,0x7d,0xa4,0x3c,0xff,0x83,0x9b,0x34,0xff,
    0x24,0x26,0x1e,0xff,0x14,0x14,0x1c,0xff,0x18,0x18,0x1c,0xff,0x17,0x17,0x1c,0xff,
    0x17,0x17,0x1c,0xfb,0x17,0x17,0x1c,0xff,0x17,0x17,0x1c,0xff,0x17,0x17,0x1c,0xff,
    0x17,0x17,0x1c,0xff,0x17,0x17,0x1c,0xff,0x17,0x17,0x1c,0xff,0x16,0x16,0x1a,0xff,
    0x15,0x14,0x16,0xff,0x16,0x14,0x17,0xff,0x13,0x12,0x16,0xff,0x25,0x19,0x1b,0xff,
    0x30,0x1d,0x1d,0xff,0x14,0x11,0x16,0xff,0x17,0x12,0x17,0xff,0x16,0x11,0x17,0xff,
    0x16,0x11,0x17,0xff,0x16,0x11,0x17,0xff,0x15,0x10,0x18,0xff,0x15,0x10,0x18,0xff,
    0x13,0x0f,0x18,0xff,0x1b,0x13,0x1a,0xff,0x34,0x1f,0x1f,0xff,0x15,0x0f,0x19,0xff,
    0x12,0x0e,0x19,0xff,0x12,0x0e,0x1a,0xff,0x11,0x0f,0x1a,0xff,0x0e,0x0d,0x1a,0xff,
    0x15,0x14,0x1c,0xff,0x17,0x18,0x1c,0xff,0x17,0x17,0x1c,0xff,0x17,0x17,0x1c,0xfb,
    0x16,0x16,0x1b,0xdf,0x18,0x18,0x1d,0xfe,0x17,0x17,0x1c,0xfe,0x17,0x17,0x1c,0xff,
    0x17,0x17,0x1c,0xff,0x17,0x17,0x1c,0xff,0x17,0x17,0x1c,0xff,0x17,0x17,0x1d,0xff,
    0x17,0x18,0x1d,0xff,0x17,0x18,0x1d,0xff,0x18,0x18,0x1d,0xff,0x14,0x17,0x1c,0xff,
    0x11,0x16,0x1c,0xff,0x18,0x18,0x1d,0xff,0x17,0x18,0x1d,0xff,0x17,0x18,0x1d,0xff,
    0x17,0x18,0x1d,0xff,0x17,0x18,0x1d,0xff,0x17,0x18,0x1d,0xff,0x17,0x18,0x1d,0xff,
    0x18,0x19,0x1d,0xff,0x16,0x18,0x1c,0xff,0x10,0x15,0x1b,0xff,0x17,0x19,0x1d,0xff,
    0x18,0x19,0x1d,0xff,0x18,0x19,0x1c,0xff,0x18,0x19,0x1c,0xff,0x19,0x19,0x1c,0xff,
    0x18,0x18,0x1c,0xff,0x17,0x17,0x1c,0xfe,0x18,0x18,0x1d,0xfe,0x16,0x16,0x1b,0xdf,
    0x17,0x17,0x1c,0x8f,0x18,0x18,0x1e,0xff,0x17,0x17,0x1c,0xfc,0x17,0x17,0x1c,0xff,
    0x17,0x17,0x1c,0xff,0x17,0x17,0x1c,0xff,0x17,0x17,0x1c,0xff,0x17,0x17,0x1c,0xff,
    0x17,0x17,0x1c,0xff,0x17,0x17,0x1c,0xff,0x17,0x17,0x1c,0xff,0x18,0x17,0x1c,0xff,
    0x18,0x17,0x1c,0xff,0x17,0x17,0x1c,0xff,0x17,0x17,0x1c,0xff,0x17,0x17,0x1c,0xff,
    0x17,0x17,0x1c,0xff,0x17,0x17,0x1c,0xff,0x17,0x17,0x1c,0xff,0x17,0x17,0x1c,0xff,
    0x17,0x17,0x1c,0xff,0x17,0x17,0x1c,0xff,0x19,0x17,0x1c,0xff,0x17,0x17,0x1c,0xff,
    0x17,0x17,0x1c,0xff,0x17,0x17,0x1c,0xff,0x17,0x17,0x1c,0xff,0x17,0x17,0x1c,0xff,
    0x17,0x17,0x1c,0xff,0x17,0x17,0x1c,0xfc,0x18,0x18,0x1e,0xff,0x17,0x17,0x1c,0x8f,
    0x1a,0x1a,0x1a,0x1d,0x17,0x17,0x1b,0xef,0x18,0x18,0x1d,0xfe,0x17,0x17,0x1c,0xfc,
    0x17,0x17,0x1c,0xff,0x17,0x17,0x1c,0xff,0x17,0x17,0x1c,0xff,0x17,0x17,0x1c,0xff,
    0x17,0x17,0x1c,0xff,0x17,0x17,0x1c,0xff,0x17,0x17,0x1c,0xff,0x17,0x17,0x1c,0xff,
    0x17,0x17,0x1c,0xff,0x17,0x17,0x1c,0xff,0x17,0x17,0x1c,0xff,0x17,0x17,0x1c,0xff,
    0x17,0x17,0x1c,0xff,0x17,0x17,0x1c,0xff,0x17,0x17,0x1c,0xff,0x17,0x17,0x1c,0xff,
    0x17,0x17,0x1c,0xff,0x17,0x17,0x1c,0xff,0x17,0x17,0x1c,0xff,0x17,0x17,0x1c,0xff,
    0x17,0x17,0x1c,0xff,0x17,0x17,0x1c,0xff,0x17,0x17,0x1c,0xff,0x17,0x17,0x1c,0xff,
    0x17,0x17,0x1c,0xfc,0x18,0x18,0x1d,0xfe,0x17,0x17,0x1b,0xef,0x1a,0x1a,0x1a,0x1d,
    0x00,0x00,0x00,0x00,0x18,0x18,0x1b,0x55,0x19,0x19,0x1e,0xff,0x18,0x18,0x1d,0xff,
    0x17,0x17,0x1c,0xfc,0x17,0x17,0x1c,0xfe,0x17,0x17,0x1c,0xff,0x17,0x17,0x1c,0xff,
    0x17,0x17,0x1c,0xff,0x17,0x17,0x1c,0xff,0x17,0x17,0x1c,0xff,0x17,0x17,0x1c,0xff,
    0x17,0x17,0x1c,0xff,0x17,0x17,0x1c,0xff,0x17,0x17,0x1c,0xff,0x17,0x17,0x1c,0xff,
    0x17,0x17,0x1c,0xff,0x17,0x17,0x1c,0xff,0x17,0x17,0x1c,0xff,0x17,0x17,0x1c,0xff,
    0x17,0x17,0x1c,0xff,0x17,0x17,0x1c,0xff,0x17,0x17,0x1c,0xff,0x17,0x17,0x1c,0xff,
    0x17,0x17,0x1c,0xff,0x17,0x17,0x1c,0xff,0x17,0x17,0x1c,0xfe,0x17,0x17,0x1c,0xfc,
    0x18,0x18,0x1d,0xff,0x19,0x19,0x1e,0xff,0x18,0x18,0x1b,0x55,0x00,0x00,0x00,0x00,
    0x00,0x00,0x00,0x03,0x00,0x00,0x00,0x00,0x17,0x17,0x1a,0x58,0x18,0x18,0x1c,0xe9,
    0x18,0x18,0x1e,0xff,0x18,0x18,0x1d,0xff,0x17,0x17,0x1c,0xff,0x17,0x17,0x1c,0xff,
    0x17,0x17,0x1c,0xff,0x17,0x17,0x1c,0xff,0x17,0x17,0x1c,0xff,0x17,0x17,0x1c,0xff,
    0x17,0x17,0x1c,0xff,0x17,0x17,0x1c,0xff,0x17,0x17,0x1c,0xff,0x17,0x17,0x1c,0xff,
    0x17,0x17,0x1c,0xff,0x17,0x17,0x1c,0xff,0x17,0x17,0x1c,0xff,0x17,0x17,0x1c,0xff,
    0x17,0x17,0x1c,0xff,0x17,0x17,0x1c,0xff,0x17,0x17,0x1c,0xff,0x17,0x17,0x1c,0xff,
    0x17,0x17,0x1c,0xff,0x17,0x17,0x1c,0xff,0x18,0x18,0x1d,0xff,0x18,0x18,0x1e,0xff,
    0x18,0x18,0x1c,0xe9,0x17,0x17,0x1a,0x58,0x00,0x00,0x00,0x00,0x00,0x00,0x00,0x03,
    0x00,0x00,0x00,0x00,0x00,0x00,0x00,0x03,0x00,0x00,0x00,0x00,0x18,0x18,0x18,0x1f,
    0x17,0x17,0x1c,0x8e,0x17,0x17,0x1d,0xda,0x17,0x17,0x1c,0xf9,0x17,0x17,0x1c,0xfe,
    0x17,0x17,0x1c,0xff,0x17,0x17,0x1c,0xff,0x17,0x17,0x1c,0xff,0x17,0x17,0x1c,0xff,
    0x17,0x17,0x1c,0xff,0x17,0x17,0x1c,0xff,0x17,0x17,0x1c,0xff,0x17,0x17,0x1c,0xff,
    0x17,0x17,0x1c,0xff,0x17,0x17,0x1c,0xff,0x17,0x17,0x1c,0xff,0x17,0x17,0x1c,0xff,
    0x17,0x17,0x1c,0xff,0x17,0x17,0x1c,0xff,0x17,0x17,0x1c,0xff,0x17,0x17,0x1c,0xff,
    0x17,0x17,0x1c,0xfe,0x17,0x17,0x1c,0xf9,0x17,0x17,0x1d,0xda,0x17,0x17,0x1c,0x8e,
    0x18,0x18,0x18,0x1f,0x00,0x00,0x00,0x00,0x00,0x00,0x00,0x03,0x00,0x00,0x00,0x00,
};

static const unsigned char kIcon48[48 * 48 * 4] = {
    0x00,0x00,0x00,0x00,0x00,0x00,0x00,0x00,0x00,0x00,0x00,0x00,0x00,0x00,0x00,0x03,
    0x00,0x00,0x00,0x00,0x00,0x00,0x00,0x00,0x15,0x15,0x1a,0x3a,0x18,0x18,0x1d,0x94,
    0x18,0x18,0x1c,0xd4,0x16,0x16,0x1c,0xf4,0x17,0x17,0x1c,0xfe,0x17,0x17,0x1c,0xff,
    0x17,0x17,0x1c,0xff,0x17,0x17,0x1c,0xff,0x17,0x17,0x1c,0xff,0x17,0x17,0x1c,0xff,
    0x17,0x17,0x1c,0xff,0x17,0x17,0x1c,0xff,0x17,0x17,0x1c,0xff,0x17,0x17,0x1c,0xff,
    0x17,0x17,0x1c,0xff,0x17,0x17,0x1c,0xff,0x17,0x17,0x1c,0xff,0x17,0x17,0x1c,0xff,
    0x17,0x17,0x1c,0xff,0x17,0x17,0x1c,0xff,0x17,0x17,0x1c,0xff,0x17,0x17,0x1c,0xff,
    0x17,0x17,0x1c,0xff,0x17,0x17,0x1c,0xff,0x17,0x17,0x1c,0xff,0x17,0x17,0x1c,0xff,
    0x17,0x17,0x1c,0xff,0x17,0x17,0x1c,0xff,0x17,0x17,0x1c,0xff,0x17,0x17,0x1c,0xff,
    0x17,0x17,0x1c,0xff,0x17,0x17,0x1c,0xfe,0x16,0x16,0x1c,0xf4,0x18,0x18,0x1c,0xd4,
    0x18,0x18,0x1d,0x94,0x15,0x15,0x1a,0x3a,0x00,0x00,0x00,0x00,0x00,0x00,0x00,0x00,
    0x00,0x00,0x00,0x03,0x00,0x00,0x00,0x00,0x00,0x00,0x00,0x00,0x00,0x00,0x00,0x00,
    0x00,0x00,0x00,0x00,0x00,0x00,0x00,0x00,0x00,0x00,0x00,0x03,0x00,0x00,0x00,0x00,
    0x14,0x14,0x1a,0x26,0x17,0x17,0x1c,0xac,0x17,0x17,0x1c,0xfb,0x18,0x18,0x1e,0xff,
    0x18,0x18,0x1d,0xff,0x17,0x17,0x1c,0xff,0x17,0x17,0x1c,0xff,0x17,0x17,0x1c,0xff,
    0x17,0x17,0x1c,0xff,0x17,0x17,0x1c,0xff,0x17,0x17,0x1c,0xff,0x17,0x17,0x1c,0xff,
    0x17,0x17,0x1c,0xff,0x17,0x17,0x1c,0xff,0x17,0x17,0x1c,0xff,0x17,0x17,0x1c,0xff,
    0x17,0x17,0x1c,0xff,0x17,0x17,0x1c,0xff,0x17,0x17,0x1c,0xff,0x17,0x17,0x1c,0xff,
    0x17,0x17,0x1c,0xff,0x17,0x17,0x1c,0xff,0x17,0x17,0x1c,0xff,0x17,0x17,0x1c,0xff,
    0x17,0x17,0x1c,0xff,0x17,0x17,0x1c,0xff,0x17,0x17,0x1c,0xff,0x17,0x17,0x1c,0xff,
    0x17,0x17,0x1c,0xff,0x17,0x17,0x1c,0xff,0x17,0x17,0x1c,0xff,0x17,0x17,0x1c,0xff,
    0x17,0x17,0x1c,0xff,0x17,0x17,0x1c,0xff,0x17,0x17,0x1c,0xff,0x18,0x18,0x1d,0xff,
    0x18,0x18,0x1e,0xff,0x17,0x17,0x1c,0xfb,0x17,0x17,0x1c,0xac,0x14,0x14,0x1a,0x26,
    0x00,0x00,0x00,0x00,0x00,0x00,0x00,0x03,0x00,0x00,0x00,0x00,0x00,0x00,0x00,0x00,
    0x00,0x00,0x00,0x00,0x00,0x00,0x00,0x03,0x00,0x00,0x00,0x00,0x16,0x16,0x1c,0x50,
    0x18,0x18,0x1c,0xf1,0x19,0x19,0x1e,0xff,0x17,0x17,0x1c,0xff,0x17,0x17,0x1c,0xfc,
    0x17,0x17,0x1c,0xfe,0x17,0x17,0x1c,0xff,0x17,0x17,0x1c,0xff,0x17,0x17,0x1c,0xff,
    0x17,0x17,0x1c,0xff,0x17,0x17,0x1c,0xff,0x17,0x17,0x1c,0xff,0x17,0x17,0x1c,0xff,
    0x17,0x17,0x1c,0xff,0x17,0x17,0x1c,0xff,0x17,0x17,0x1c,0xff,0x17,0x17,0x1c,0xff,
    0x17,0x17,0x1c,0xff,0x17,0x17,0x1c,0xff,0x17,0x17,0x1c,0xff,0x17,0x17,0x1c,0xff,
    0x17,0x17,0x1c,0xff,0x17,0x17,0x1c,0xff,0x17,0x17,0x1c,0xff,0x17,0x17,0x1c,0xff,
    0x17,0x17,0x1c,0xff,0x17,0x17,0x1c,0xff,0x17,0x17,0x1c,0xff,0x17,0x17,0x1c,0xff,
    0x17,0x17,0x1c,0xff,0x17,0x17,0x1c,0xff,0x17,0x17,0x1c,0xff,0x17,0x17,0x1c,0xff,
    0x17,0x17,0x1c,0xff,0x17,0x17,0x1c,0xff,0x17,0x17,0x1c,0xff,0x17,0x17,0x1c,0xfe,
    0x17,0x17,0x1c,0xfc,0x17,0x17,0x1c,0xff,0x19,0x19,0x1e,0xff,0x18,0x18,0x1c,0xf1,
    0x16,0x16,0x1c,0x50,0x00,0x00,0x00,0x00,0x00,0x00,0x00,0x03,0x00,0x00,0x00,0x00,
    0x00,0x00,0x00,0x03,0x00,0x00,0x00,0x00,0x16,0x16,0x1d,0x4f,0x18,0x18,0x1d,0xfe,
    0x18,0x18,0x1d,0xff,0x17,0x17,0x1c,0xfb,0x17,0x17,0x1c,0xff,0x17,0x17,0x1c,0xff,
    0x17,0x17,0x1c,0xff,0x17,0x17,0x1c,0xff,0x17,0x17,0x1c,0xff,0x17,0x17,0x1c,0xff,
    0x17,0x17,0x1c,0xff,0x17,0x17,0x1c,0xff,0x17,0x17,0x1c,0xff,0x17,0x17,0x1c,0xff,
    0x17,0x17,0x1c,0xff,0x17,0x17,0x1c,0xff,0x17,0x17,0x1c,0xff,0x17,0x17,0x1c,0xff,
    0x17,0x17,0x1c,0xff,0x17,0x17,0x1c,0xff,0x17,0x17,0x1c,0xff,0x17,0x17,0x1c,0xff,
    0x17,0x17,0x1c,0xff,0x17,0x17,0x1c,0xff,0x17,0x17,0x1c,0xff,0x17,0x17,0x1c,0xff,
    0x17,0x17,0x1c,0xff,0x17,0x17,0x1c,0xff,0x17,0x17,0x1c,0xff,0x17,0x17,0x1c,0xff,
    0x17,0x17,0x1c,0xff,0x17,0x17,0x1c,0xff,0x17,0x17,0x1c,0xff,0x17,0x17,0x1c,0xff,
    0x17,0x17,0x1c,0xff,0x17,0x17,0x1c,0xff,0x17,0x17,0x1c,0xff,0x17,0x17,0x1c,0xff,
    0x17,0x17,0x1c,0xff,0x17,0x17,0x1c,0xff,0x17,0x17,0x1c,0xfb,0x18,0x18,0x1d,0xff,
    0x18,0x18,0x1d,0xfe,0x16,0x16,0x1d,0x4f,0x00,0x00,0x00,0x00,0x00,0x00,0x00,0x03,
    0x00,0x00,0x00,0x01,0x16,0x16,0x1e,0x22,0x18,0x18,0x1c,0xf3,0x18,0x18,0x1d,0xfe,
    0x17,0x17,0x1c,0xfc,0x17,0x17,0x1c,0xff,0x17,0x17,0x1c,0xff,0x17,0x17,0x1c,0xff,
    0x17,0x17,0x1c,0xff,0x17,0x17,0x1c,0xff,0x17,0x17,0x1c,0xff,0x17,0x17,0x1c,0xff,
    0x17,0x17,0x1c,0xff,0x17,0x17,0x1c,0xff,0x17,0x17,0x1c,0xff,0x17,0x17,0x1c,0xff,
    0x17,0x17,0x1c,0xff,0x17,0x17,0x1c,0xff,0x17,0x17,0x1c,0xff,0x17,0x17,0x1c,0xff,
    0x17,0x17,0x1c,0xff,0x17,0x17,0x1c,0xff,0x17,0x17,0x1c,0xff,0x17,0x17,0x1c,0xff,
    0x17,0x17,0x1c,0xff,0x17,0x17,0x1c,0xff,0x17,0x17,0x1c,0xff,0x17,0x17,0x1c,0xff,
    0x17,0x17,0x1c,0xff,0x17,0x17,0x1c,0xff,0x17,0x17,0x1c,0xff,0x17,0x17,0x1c,0xff,
    0x17,0x17,0x1c,0xff,0x17,0x17,0x1c,0xff,0x17,0x17,0x1c,0xff,0x17,0x17,0x1c,0xff,
    0x17,0x17,0x1c,0xff,0x17,0x17,0x1c,0xff,0x17,0x17,0x1c,0xff,0x17,0x17,0x1c,0xff,
    0x17,0x17,0x1c,0xff,0x17,0x17,0x1c,0xff,0x17,0x17,0x1c,0xff,0x17,0x17,0x1c,0xfc,
    0x18,0x18,0x1d,0xfe,0x18,0x18,0x1c,0xf3,0x16,0x16,0x1e,0x22,0x00,0x00,0x00,0x01,
    0x00,0x00,0x00,0x00,0x17,0x17,0x1b,0xb0,0x19,0x19,0x1e,0xff,0x17,0x17,0x1c,0xfb,
    0x17,0x17,0x1c,0xff,0x17,0x17,0x1c,0xff,0x17,0x17,0x1c,0xff,0x17,0x17,0x1c,0xff,
    0x17,0x17,0x1c,0xff,0x17,0x17,0x1c,0xff,0x17,0x17,0x1c,0xff,0x17,0x17,0x1c,0xff,
    0x17,0x17,0x1c,0xff,0x17,0x17,0x1c,0xff,0x17,0x17,0x1c,0xff,0x17,0x17,0x1c,0xff,
    0x17,0x17,0x1c,0xff,0x17,0x17,0x1c,0xff,0x17,0x17,0x1c,0xff,0x17,0x17,0x1c,0xff,
    0x17,0x17,0x1c,0xff,0x17,0x17,0x1c,0xff,0x17,0x17,0x1c,0xff,0x17,0x17,0x1c,0xff,
    0x17,0x17,0x1c,0xff,0x17,0x17,0x1c,0xff,0x17,0x17,0x1c,0xff,0x17,0x17,0x1c,0xff,
    0x17,0x17,0x1c,0xff,0x17,0x17,0x1c,0xff,0x17,0x17,0x1c,0xff,0x17,0x17,0x1c,0xff,
    0x17,0x17,0x1c,0xff,0x17,0x17,0x1c,0xff,0x17,0x17,0x1c,0xff,0x17,0x17,0x1c,0xff,
    0x17,0x17,0x1c,0xff,0x17,0x17,0x1c,0xff,0x17,0x17,0x1c,0xff,0x17,0x17,0x1c,0xff,
    0x17,0x17,0x1c,0xff,0x17,0x17,0x1c,0xff,0x17,0x17,0x1c,0xff,0x17,0x17,0x1c,0xff,
    0x17,0x17,0x1c,0xfb,0x19,0x19,0x1e,0xff,0x17,0x17,0x1b,0xb0,0x00,0x00,0x00,0x00,
    0x17,0x17,0x1c,0x36,0x17,0x17,0x1c,0xfd,0x17,0x17,0x1c,0xfd,0x17,0x17,0x1c,0xff,
    0x17,0x17,0x1c,0xff,0x17,0x17,0x1c,0xff,0x17,0x17,0x1c,0xff,0x17,0x17,0x1c,0xff,
    0x17,0x17,0x1c,0xff,0x17,0x17,0x1c,0xff,0x17,0x17,0x1c,0xff,0x17,0x17,0x1c,0xff,
    0x17,0x17,0x1c,0xff,0x17,0x17,0x1c,0xff,0x17,0x17,0x1c,0xff,0x17,0x17,0x1c,0xff,
    0x17,0x17,0x1c,0xff,0x17,0x17,0x1c,0xff,0x17,0x17,0x1c,0xff,0x17,0x17,0x1c,0xff,
    0x17,0x17,0x1c,0xff,0x17,0x17,0x1c,0xff,0x17,0x17,0x1c,0xff,0x17,0x17,0x1c,0xff,
    0x17,0x17,0x1c,0xff,0x17,0x17,0x1c,0xff,0x17,0x17,0x1c,0xff,0x17,0x17,0x1c,0xff,
    0x17,0x17,0x1c,0xff,0x17,0x17,0x1c,0xff,0x17,0x17,0x1c,0xff,0x17,0x17,0x1c,0xff,
    0x17,0x17,0x1c,0xff,0x17,0x17,0x1c,0xff,0x17,0x17,0x1c,0xff,0x17,0x17,0x1c,0xff,
    0x17,0x17,0x1c,0xff,0x17,0x17,0x1c,0xff,0x17,0x17,0x1c,0xff,0x17,0x17,0x1c,0xff,
    0x17,0x17,0x1c,0xff,0x17,0x17,0x1c,0xff,0x17,0x17,0x1c,0xff,0x17,0x17,0x1c,0xff,
    0x17,0x17,0x1c,0xff,0x17,0x17,0x1c,0xfd,0x17,0x17,0x1c,0xfd,0x17,0x17,0x1c,0x36,
    0x17,0x17,0x1b,0x96,0x18,0x18,0x1d,0xff,0x17,0x17,0x1c,0xfc,0x17,0x17,0x1c,0xff,
    0x17,0x17,0x1c,0xff,0x17,0x17,0x1c,0xff,0x17,0x17,0x1c,0xff,0x17,0x17,0x1c,0xff,
    0x17,0x17,0x1c,0xff,0x17,0x17,0x1c,0xff,0x17,0x17,0x1c,0xff,0x17,0x17,0x1c,0xff,
    0x17,0x17,0x1c,0xff,0x17,0x17,0x1c,0xff,0x17,0x17,0x1c,0xff,0x17,0x17,0x1c,0xff,
    0x17,0x17,0x1c,0xff,0x17,0x17,0x1c,0xff,0x17,0x17,0x1c,0xff,0x17,0x17,0x1c,0xff,
    0x17,0x17,0x1c,0xff,0x17,0x17,0x1c,0xff,0x17,0x17,0x1c,0xff,0x17,0x17,0x1c,0xff,
    0x17,0x17,0x1c,0xff,0x17,0x17,0x1c,0xff,0x17,0x17,0x1c,0xff,0x17,0x17,0x1c,0xff,
    0x17,0x17,0x1c,0xff,0x17,0x17,0x1c,0xff,0x17,0x17,0x1c,0xff,0x17,0x17,0x1c,0xff,
    0x17,0x17,0x1c,0xff,0x17,0x17,0x1c,0xff,0x17,0x17,0x1c,0xff,0x17,0x17,0x1c,0xff,
    0x17,0x17,0x1c,0xff,0x17,0x17,0x1c,0xff,0x17,0x17,0x1c,0xff,0x17,0x17,0x1c,0xff,
    0x17,0x17,0x1c,0xff,0x17,0x17,0x1c,0xff,0x17,0x17,0x1c,0xff,0x17,0x17,0x1c,0xff,
    0x17,0x17,0x1c,0xff,0x17,0x17,0x1c,0xfc,0x18,0x18,0x1d,0xff,0x17,0x17,0x1b,0x96,
    0x16,0x16,0x1c,0xd7,0x18,0x18,0x1d,0xff,0x17,0x17,0x1c,0xfd,0x17,0x17,0x1c,0xff,
    0x17,0x17,0x1c,0xff,0x17,0x17,0x1c,0xff,0x17,0x17,0x1d,0xff,0x17,0x18,0x1d,0xff,
    0x17,0x18,0x1d,0xff,0x17,0x18,0x1d,0xff,0x17,0x18,0x1d,0xff,0x17,0x18,0x1d,0xff,
    0x17,0x18,0x1d,0xff,0x1a,0x18,0x1c,0xff,0x19,0x18,0x1c,0xff,0x17,0x18,0x1d,0xff,
    0x17,0x18,0x1d,0xff,0x17,0x18,0x1d,0xff,0x17,0x18,0x1d,0xff,0x17,0x18,0x1d,0xff,
    0x17,0x18,0x1d,0xff,0x17,0x18,0x1d,0xff,0x17,0x18,0x1d,0xff,0x17,0x18,0x1d,0xff,
    0x18,0x18,0x1d,0xff,0x18,0x18,0x1c,0xff,0x18,0x18,0x1c,0xff,0x1a,0x18,0x1c,0xff,
    0x19,0x18,0x1c,0xff,0x18,0x18,0x1c,0xff,0x18,0x18,0x1c,0xff,0x18,0x18,0x1c,0xff,
    0x18,0x18,0x1c,0xff,0x19,0x19,0x1c,0xff,0x18,0x18,0x1c,0xff,0x17,0x17,0x1c,0xff,
    0x17,0x17,0x1c,0xff,0x17,0x17,0x1c,0xff,0x17,0x17,0x1c,0xff,0x17,0x17,0x1c,0xff,
    0x17,0x17,0x1c,0xff,0x17,0x17,0x1c,0xff,0x17,0x17,0x1c,0xff,0x17,0x17,0x1c,0xff,
    0x17,0x17,0x1c,0xff,0x17,0x17,0x1c,0xfd,0x18,0x18,0x1d,0xff,0x16,0x16,0x1c,0xd7,
    0x16,0x16,0x1b,0xf6,0x17,0x17,0x1c,0xff,0x17,0x17,0x1c,0xff,0x17,0x17,0x1c,0xff,
    0x17,0x17,0x1c,0xff,0x17,0x17,0x1d,0xff,0x17,0x15,0x1a,0xff,0x16,0x14,0x18,0xff,
    0x16,0x14,0x19,0xff,0x16,0x14,0x18,0xff,0x16,0x14,0x18,0xff,0x17,0x13,0x18,0xff,
    0x17,0x13,0x18,0xff,0x0a,0x13,0x1a,0xff,0x0c,0x13,0x1a,0xff,0x17,0x13,0x19,0xff,
    0x16,0x13,0x19,0xff,0x16,0x12,0x19,0xff,0x16,0x12,0x19,0xff,0x16,0x12,0x19,0xff,
    0x15,0x12,0x19,0xff,0x15,0x12,0x19,0xff,0x15,0x12,0x1a,0xff,0x15,0x12,0x1a,0xff,
    0x15,0x11,0x1a,0xff,0x14,0x11,0x1a,0xff,0x13,0x11,0x1a,0xff,0x09,0x13,0x1b,0xff,
    0x0c,0x12,0x1b,0xff,0x13,0x11,0x1b,0xff,0x12,0x11,0x1b,0xff,0x12,0x11,0x1b,0xff,
    0x11,0x11,0x1b,0xff,0x10,0x10,0x1b,0xff,0x11,0x11,0x1c,0xff,0x18,0x18,0x1c,0xff,
    0x17,0x17,0x1c,0xff,0x17,0x17,0x1c,0xff,0x17,0x17,0x1c,0xff,0x17,0x17,0x1c,0xff,
    0x17,0x17,0x1c,0xff,0x17,0x17,0x1c,0xff,0x17,0x17,0x1c,0xff,0x17,0x17,0x1c,0xff,
    0x17,0x17,0x1c,0xff,0x17,0x17,0x1c,0xff,0x17,0x17,0x1c,0xff,0x16,0x16,0x1b,0xf6,
    0x17,0x17,0x1c,0xff,0x17,0x17,0x1c,0xff,0x17,0x17,0x1c,0xff,0x17,0x17,0x1c,0xff,
    0x17,0x17,0x1c,0xff,0x16,0x15,0x1a,0xff,0x19,0x1d,0x24,0xff,0x1b,0x24,0x2c,0xff,
    0x1a,0x24,0x2b,0xff,0x1a,0x25,0x2b,0xff,0x1a,0x25,0x2b,0xff,0x18,0x26,0x2b,0xff,
    0x19,0x27,0x2b,0xff,0xa5,0x41,0x2b,0xff,0x8a,0x3c,0x2b,0xff,0x11,0x27,0x2a,0xff,
    0x1c,0x2a,0x2a,0xff,0x1b,0x2a,0x29,0xff,0x1c,0x2b,0x29,0xff,0x1d,0x2c,0x28,0xff,
    0x1e,0x2c,0x28,0xff,0x1e,0x2d,0x27,0xff,0x1f,0x2e,0x27,0xff,0x20,0x2f,0x26,0xff,
    0x21,0x2f,0x25,0xff,0x21,0x2f,0x25,0xff,0x2a,0x31,0x24,0xff,0xae,0x42,0x2b,0xff,
    0x82,0x3d,0x28,0xff,0x21,0x30,0x21,0xff,0x2e,0x32,0x21,0xff,0x2e,0x32,0x20,0xff,
    0x30,0x32,0x1f,0xff,0x34,0x34,0x1f,0xff,0x2f,0x2e,0x1e,0xff,0x14,0x14,0x1c,0xff,
    0x17,0x17,0x1c,0xff,0x17,0x17,0x1c,0xff,0x17,0x17,0x1c,0xff,0x17,0x17,0x1c,0xff,
    0x17,0x17,0x1c,0xff,0x17,0x17,0x1c,0xff,0x17,0x17,0x1c,0xff,0x17,0x17,0x1c,0xff,
    0x17,0x17,0x1c,0xff,0x17,0x17,0x1c,0xff,0x17,0x17,0x1c,0xff,0x17,0x17,0x1c,0xff,
    0x17,0x17,0x1c,0xff,0x17,0x17,0x1c,0xff,0x17,0x17,0x1c,0xff,0x17,0x18,0x1d,0xff,
    0x16,0x15,0x19,0xff,0x1b,0x22,0x2c,0xff,0x2f,0x63,0x84,0xff,0x2e,0x6e,0x8b,0xff,
    0x2c,0x73,0x89,0xff,0x2a,0x79,0x8a,0xff,0x28,0x7e,0x8a,0xff,0x24,0x84,0x8a,0xff,
    0x23,0x89,0x8a,0xff,0xfb,0x61,0x3b,0xff,0xd3,0x6c,0x49,0xff,0x1e,0x9c,0x87,0xff,
    0x33,0x9d,0x7e,0xff,0x37,0xa3,0x7b,0xff,0x3c,0xa8,0x77,0xff,0x41,0xad,0x74,0xff,
    0x46,0xb2,0x70,0xff,0x4c,0xb7,0x6c,0xff,0x51,0xbc,0x68,0xff,0x57,0xc1,0x64,0xff,
    0x5e,0xc6,0x60,0xff,0x69,0xcb,0x5c,0xff,0x7f,0xc7,0x54,0xff,0xff,0x5f,0x35,0xff,
    0xe6,0x85,0x3c,0xff,0x9b,0xdb,0x47,0xff,0xb3,0xd5,0x40,0xff,0xc0,0xd9,0x3b,0xff,
    0xce,0xdb,0x35,0xff,0xda,0xdd,0x30,0xff,0xf3,0xe9,0x2a,0xff,0x69,0x62,0x20,0xff,
    0x0a,0x0b,0x1b,0xff,0x1a,0x1a,0x1c,0xff,0x17,0x17,0x1c,0xff,0x17,0x17,0x1c,0xff,
    0x17,0x17,0x1c,0xff,0x17,0x17,0x1c,0xff,0x17,0x17,0x1c,0xff,0x17,0x17,0x1c,0xff,
    0x17,0x17,0x1c,0xff,0x17,0x17,0x1c,0xff,0x17,0x17,0x1c,0xff,0x17,0x17,0x1c,0xff,
    0x17,0x17,0x1c,0xff,0x17,0x17,0x1c,0xff,0x17,0x17,0x1c,0xff,0x17,0x18,0x1d,0xff,
    0x15,0x13,0x16,0xff,0x1e,0x2d,0x3b,0xff,0x33,0x6e,0x92,0xff,0x2e,0x6e,0x8a,0xff,
    0x2c,0x74,0x8c,0xff,0x2a,0x7a,0x8c,0xff,0x28,0x80,0x8c,0xff,0x24,0x86,0x8c,0xff,
    0x23,0x8c,0x8c,0xff,0xea,0x5c,0x3a,0xff,0xc6,0x68,0x48,0xff,0x1f,0x9f,0x8a,0xff,
    0x33,0xa0,0x7f,0xff,0x37,0xa6,0x7c,0xff,0x3c,0xab,0x78,0xff,0x42,0xb0,0x75,0xff,
    0x47,0xb5,0x71,0xff,0x4d,0xba,0x6d,0xff,0x52,0xbf,0x69,0xff,0x58,0xc4,0x65,0xff,
    0x5f,0xc9,0x61,0xff,0x6a,0xce,0x5d,0xff,0x80,0xca,0x55,0xff,0xf9,0x5a,0x34,0xff,
    0xdb,0x83,0x3b,0xff,0x9f,0xdf,0x48,0xff,0xb6,0xd8,0x40,0xff,0xc3,0xdd,0x3b,0xff,
    0xd2,0xdf,0x35,0xff,0xdc,0xdf,0x30,0xff,0xff,0xf6,0x2b,0xff,0x95,0x8a,0x21,0xff,
    0x06,0x07,0x1b,0xff,0x1b,0x1a,0x1c,0xff,0x17,0x17,0x1c,0xff,0x17,0x17,0x1c,0xff,
    0x17,0x17,0x1c,0xff,0x17,0x17,0x1c,0xff,0x17,0x17,0x1c,0xff,0x17,0x17,0x1c,0xff,
    0x17,0x17,0x1c,0xff,0x17,0x17,0x1c,0xff,0x17,0x17,0x1c,0xff,0x17,0x17,0x1c,0xff,
    0x17,0x17,0x1c,0xff,0x17,0x17,0x1c,0xff,0x17,0x17,0x1c,0xff,0x17,0x18,0x1d,0xff,
    0x15,0x13,0x16,0xff,0x1e,0x2c,0x39,0xff,0x32,0x6c,0x8f,0xff,0x2e,0x6e,0x8a,0xff,
    0x2c,0x74,0x8b,0xff,0x2a,0x7a,0x8b,0xff,0x28,0x7f,0x8b,0xff,0x24,0x85,0x8b,0xff,
    0x23,0x8b,0x8b,0xff,0xed,0x5d,0x3a,0xff,0xc8,0x69,0x48,0xff,0x1f,0x9e,0x89,0xff,
    0x33,0x9f,0x7f,0xff,0x37,0xa5,0x7c,0xff,0x3c,0xaa,0x78,0xff,0x42,0xaf,0x75,0xff,
    0x47,0xb4,0x71,0xff,0x4d,0xb9,0x6d,0xff,0x52,0xbe,0x69,0xff,0x58,0xc3,0x65,0xff,
    0x5f,0xc8,0x61,0xff,0x6a,0xcd,0x5d,0xff,0x80,0xc9,0x55,0xff,0xfc,0x5b,0x34,0xff,
    0xdd,0x83,0x3b,0xff,0x9e,0xde,0x48,0xff,0xb5,0xd7,0x40,0xff,0xc2,0xdc,0x3b,0xff,
    0xd1,0xde,0x35,0xff,0xdb,0xde,0x30,0xff,0xfd,0xf2,0x2b,0xff,0x8e,0x84,0x21,0xff,
    0x07,0x08,0x1b,0xff,0x1b,0x1a,0x1c,0xff,0x17,0x17,0x1c,0xff,0x17,0x17,0x1c,0xff,
    0x17,0x17,0x1c,0xff,0x17,0x17,0x1c,0xff,0x17,0x17,0x1c,0xff,0x17,0x17,0x1c,0xff,
    0x17,0x17,0x1c,0xff,0x17,0x17,0x1c,0xff,0x17,0x17,0x1c,0xff,0x17,0x17,0x1c,0xff,
    0x17,0x17,0x1c,0xff,0x17,0x17,0x1c,0xff,0x17,0x17,0x1c,0xff,0x17,0x18,0x1d,0xff,
    0x15,0x13,0x16,0xff,0x1e,0x2c,0x39,0xff,0x32,0x6c,0x90,0xff,0x2e,0x6e,0x8a,0xff,
    0x2c,0x74,0x8b,0xff,0x2a,0x7a,0x8b,0xff,0x28,0x7f,0x8b,0xff,0x24,0x85,0x8b,0xff,
    0x23,0x8b,0x8b,0xff,0xed,0x5d,0x3a,0xff,0xc8,0x69,0x48,0xff,0x1f,0x9e,0x89,0xff,
    0x33,0x9f,0x7f,0xff,0x37,0xa5,0x7c,0xff,0x3c,0xaa,0x78,0xff,0x42,0xaf,0x75,0xff,
    0x47,0xb4,0x71,0xff,0x4d,0xb9,0x6d,0xff,0x52,0xbe,0x69,0xff,0x58,0xc3,0x65,0xff,
    0x5f,0xc8,0x61,0xff,0x6a,0xcd,0x5d,0xff,0x80,0xc9,0x55,0xff,0xfc,0x5b,0x34,0xff,
    0xdd,0x83,0x3b,0xff,0x9e,0xde,0x48,0xff,0xb5,0xd7,0x40,0xff,0xc2,0xdc,0x3b,0xff,
    0xd1,0xde,0x35,0xff,0xdb,0xde,0x30,0xff,0xfe,0xf3,0x2b,0xff,0x8f,0x85,0x21,0xff,
    0x07,0x08,0x1b,0xff,0x1b,0x1a,0x1c,0xff,0x17,0x17,0x1c,0xff,0x17,0x17,0x1c,0xff,
    0x17,0x17,0x1c,0xff,0x17,0x17,0x1c,0xff,0x17,0x17,0x1c,0xff,0x17,0x17,0x1c,0xff,
    0x17,0x17,0x1c,0xff,0x17,0x17,0x1c,0xff,0x17,0x17,0x1c,0xff,0x17,0x17,0x1c,0xff,
    0x17,0x17,0x1c,0xff,0x17,0x17,0x1c,0xff,0x17,0x17,0x1c,0xff,0x17,0x18,0x1d,0xff,
    0x15,0x13,0x16,0xff,0x1e,0x2c,0x39,0xff,0x32,0x6c,0x90,0xff,0x2e,0x6e,0x8a,0xff,
    0x2c,0x74,0x8b,0xff,0x2a,0x7a,0x8b,0xff,0x28,0x7f,0x8b,0xff,0x24,0x85,0x8b,0xff,
    0x23,0x8b,0x8b,0xff,0xed,0x5d,0x3a,0xff,0xc8,0x69,0x48,0xff,0x1f,0x9e,0x89,0xff,
    0x33,0x9f,0x7f,0xff,0x37,0xa5,0x7c,0xff,0x3c,0xaa,0x78,0xff,0x42,0xaf,0x75,0xff,
    0x47,0xb4,0x71,0xff,0x4d,0xb9,0x6d,0xff,0x52,0xbe,0x69,0xff,0x58,0xc3,0x65,0xff,
    0x5f,0xc8,0x61,0xff,0x6a,0xcd,0x5d,0xff,0x80,0xc9,0x55,0xff,0xfc,0x5b,0x34,0xff,
    0xdd,0x83,0x3b,0xff,0x9e,0xde,0x48,0xff,0xb5,0xd7,0x40,0xff,0xc2,0xdc,0x3b,0xff,
    0xd1,0xde,0x35,0xff,0xdb,0xde,0x30,0xff,0xfe,0xf3,0x2b,0xff,0x8f,0x85,0x21,0xff,
    0x07,0x08,0x1b,0xff,0x1b,0x1a,0x1c,0xff,0x17,0x17,0x1c,0xff,0x17,0x17,0x1c,0xff,
    0x17,0x17,0x1c,0xff,0x17,0x17,0x1c,0xff,0x17,0x17,0x1c,0xff,0x17,0x17,0x1c,0xff,
    0x17,0x17,0x1c,0xff,0x17,0x17,0x1c,0xff,0x17,0x17,0x1c,0xff,0x17,0x17,0x1c,0xff,
    0x17,0x17,0x1c,0xff,0x17,0x17,0x1c,0xff,0x17,0x17,0x1c,0xff,0x17,0x18,0x1d,0xff,
    0x15,0x13,0x16,0xff,0x1e,0x2c,0x39,0xff,0x32,0x6c,0x90,0xff,0x2e,0x6e,0x8a,0xff,
    0x2c,0x74,0x8b,0xff,0x2a,0x7a,0x8b,0xff,0x28,0x7f,0x8b,0xff,0x24,0x85,0x8b,0xff,
    0x23,0x8b,0x8b,0xff,0xed,0x5d,0x3a,0xff,0xc8,0x69,0x48,0xff,0x1f,0x9e,0x89,0xff,
    0x33,0x9f,0x7f,0xff,0x37,0xa5,0x7c,0xff,0x3c,0xaa,0x78,0xff,0x42,0xaf,0x75,0xff,
    0x47,0xb4,0x71,0xff,0x4d,0xb9,0x6d,0xff,0x52,0xbe,0x69,0xff,0x58,0xc3,0x65,0xff,
    0x5f,0xc8,0x61,0xff,0x6a,0xcd,0x5d,0xff,0x80,0xc9,0x55,0xff,0xfc,0x5b,0x34,0xff,
    0xdd,0x83,0x3b,0xff,0x9e,0xde,0x48,0xff,0xb5,0xd7,0x40,0xff,0xc2,0xdc,0x3b,0xff,
    0xd1,0xde,0x35,0xff,0xdb,0xde,0x30,0xff,0xfe,0xf3,0x2b,0xff,0x8f,0x85,0x21,0xff,
    0x07,0x08,0x1b,0xff,0x1b,0x1a,0x1c,0xff,0x17,0x17,0x1c,0xff,0x17,0x17,0x1c,0xff,
    0x17,0x17,0x1c,0xff,0x17,0x17,0x1c,0xff,0x17,0x17,0x1c,0xff,0x17,0x17,0x1c,0xff,
    0x17,0x17,0x1c,0xff,0x17,0x17,0x1c,0xff,0x17,0x17,0x1c,0xff,0x17,0x17,0x1c,0xff,
    0x17,0x17,0x1c,0xff,0x17,0x17,0x1c,0xff,0x17,0x17,0x1c,0xff,0x17,0x18,0x1d,0xff,
    0x15,0x13,0x16,0xff,0x1e,0x2c,0x39,0xff,0x32,0x6c,0x90,0xff,0x2e,0x6e,0x8a,0xff,
    0x2c,0x74,0x8b,0xff,0x2a,0x7a,0x8b,0xff,0x28,0x7f,0x8b,0xff,0x24,0x85,0x8b,0xff,
    0x23,0x8b,0x8b,0xff,0xed,0x5d,0x3a,0xff,0xc8,0x69,0x48,0xff,0x1f,0x9e,0x89,0xff,
    0x33,0x9f,0x7f,0xff,0x37,0xa5,0x7c,0xff,0x3c,0xaa,0x78,0xff,0x42,0xaf,0x75,0xff,
    0x47,0xb4,0x71,0xff,0x4d,0xb9,0x6d,0xff,0x52,0xbe,0x69,0xff,0x58,0xc3,0x65,0xff,
    0x5f,0xc8,0x61,0xff,0x6a,0xcd,0x5d,0xff,0x80,0xc9,0x55,0xff,0xfc,0x5b,0x34,0xff,
    0xdd,0x83,0x3b,0xff,0x9e,0xde,0x48,0xff,0xb5,0xd7,0x40,0xff,0xc2,0xdc,0x3b,0xff,
    0xd1,0xde,0x35,0xff,0xdb,0xde,0x30,0xff,0xfe,0xf3,0x2b,0xff,0x8e,0x84,0x21,0xff,
    0x07,0x08,0x1b,0xff,0x1b,0x1a,0x1c,0xff,0x17,0x17,0x1c,0xff,0x17,0x17,0x1c,0xff,
    0x17,0x17,0x1c,0xff,0x17,0x17,0x1c,0xff,0x17,0x17,0x1c,0xff,0x17,0x17,0x1c,0xff,
    0x17,0x17,0x1c,0xff,0x17,0x17,0x1c,0xff,0x17,0x17,0x1c,0xff,0x17,0x17,0x1c,0xff,
    0x17,0x17,0x1c,0xff,0x17,0x17,0x1c,0xff,0x17,0x17,0x1c,0xff,0x17,0x18,0x1d,0xff,
    0x15,0x13,0x16,0xff,0x1e,0x2d,0x3a,0xff,0x32,0x6c,0x90,0xff,0x2e,0x6d,0x88,0xff,
    0x2c,0x73,0x8a,0xff,0x2a,0x79,0x8a,0xff,0x28,0x7e,0x8a,0xff,0x24,0x84,0x8a,0xff,
    0x23,0x8a,0x8a,0xff,0xed,0x5d,0x3a,0xff,0xc9,0x69,0x48,0xff,0x1f,0x9c,0x88,0xff,
    0x33,0x9d,0x7e,0xff,0x37,0xa3,0x7b,0xff,0x3c,0xa8,0x77,0xff,0x42,0xad,0x74,0xff,
    0x46,0xb2,0x70,0xff,0x4c,0xb7,0x6c,0xff,0x51,0xbc,0x68,0xff,0x57,0xc1,0x64,0xff,
    0x5e,0xc6,0x60,0xff,0x69,0xcb,0x5c,0xff,0x7f,0xc7,0x54,0xff,0xfc,0x5b,0x34,0xff,
    0xdd,0x83,0x3b,0xff,0x9d,0xdc,0x48,0xff,0xb3,0xd5,0x40,0xff,0xc0,0xda,0x3b,0xff,
    0xcf,0xdc,0x35,0xff,0xd8,0xdc,0x30,0xff,0xfc,0xf2,0x2b,0xff,0x93,0x88,0x21,0xff,
    0x07,0x08,0x1b,0xff,0x1b,0x1a,0x1c,0xff,0x17,0x17,0x1c,0xff,0x17,0x17,0x1c,0xff,
    0x17,0x17,0x1c,0xff,0x17,0x17,0x1c,0xff,0x17,0x17,0x1c,0xff,0x17,0x17,0x1c,0xff,
    0x17,0x17,0x1c,0xff,0x17,0x17,0x1c,0xff,0x17,0x17,0x1c,0xff,0x17,0x17,0x1c,0xff,
    0x17,0x17,0x1c,0xff,0x17,0x17,0x1c,0xff,0x17,0x17,0x1c,0xff,0x17,0x18,0x1d,0xff,
    0x16,0x14,0x17,0xff,0x1c,0x26,0x31,0xff,0x32,0x6b,0x8f,0xff,0x30,0x73,0x91,0xff,
    0x2d,0x79,0x91,0xff,0x2b,0x7f,0x91,0xff,0x29,0x85,0x91,0xff,0x25,0x8b,0x91,0xff,
    0x24,0x91,0x91,0xff,0xec,0x5d,0x3a,0xff,0xc6,0x6a,0x49,0xff,0x20,0xa5,0x8f,0xff,
    0x35,0xa6,0x84,0xff,0x39,0xad,0x81,0xff,0x3e,0xb2,0x7d,0xff,0x44,0xb7,0x7a,0xff,
    0x4a,0xbc,0x75,0xff,0x50,0xc2,0x71,0xff,0x55,0xc7,0x6d,0xff,0x5b,0xcc,0x69,0xff,
    0x63,0xd1,0x65,0xff,0x6f,0xd7,0x60,0xff,0x85,0xd2,0x58,0xff,0xfb,0x5b,0x34,0xff,
    0xdb,0x85,0x3b,0xff,0xa6,0xe9,0x4a,0xff,0xbe,0xe1,0x42,0xff,0xcb,0xe6,0x3d,0xff,
    0xdb,0xe8,0x36,0xff,0xe7,0xe9,0x31,0xff,0xff,0xfa,0x2c,0xff,0x7b,0x73,0x20,0xff,
    0x08,0x09,0x1b,0xff,0x1b,0x1a,0x1c,0xff,0x17,0x17,0x1c,0xff,0x17,0x17,0x1c,0xff,
    0x17,0x17,0x1c,0xff,0x17,0x17,0x1c,0xff,0x17,0x17,0x1c,0xff,0x17,0x17,0x1c,0xff,
    0x17,0x17,0x1c,0xff,0x17,0x17,0x1c,0xff,0x17,0x17,0x1c,0xff,0x17,0x17,0x1c,0xff,
    0x17,0x17,0x1c,0xff,0x17,0x17,0x1c,0xff,0x17,0x17,0x1c,0xff,0x17,0x17,0x1c,0xff,
    0x17,0x17,0x1c,0xff,0x17,0x16,0x1b,0xff,0x1d,0x29,0x34,0xff,0x1f,0x32,0x3f,0xff,
    0x1d,0x33,0x3d,0xff,0x1d,0x35,0x3d,0xff,0x1d,0x36,0x3d,0xff,0x1a,0x38,0x3d,0xff,
    0x1b,0x3a,0x3e,0xff,0xf0,0x58,0x34,0xff,0xd0,0x55,0x36,0xff,0x10,0x3d,0x3c,0xff,
    0x21,0x41,0x3a,0xff,0x21,0x42,0x39,0xff,0x22,0x43,0x38,0xff,0x24,0x45,0x37,0xff,
    0x25,0x46,0x36,0xff,0x27,0x48,0x34,0xff,0x29,0x49,0x33,0xff,0x2b,0x4b,0x32,0xff,
    0x2d,0x4c,0x31,0xff,0x2e,0x4d,0x30,0xff,0x3e,0x4f,0x2e,0xff,0xff,0x5a,0x33,0xff,
    0xd0,0x5c,0x32,0xff,0x34,0x50,0x28,0xff,0x48,0x51,0x27,0xff,0x4b,0x53,0x25,0xff,
    0x4f,0x53,0x24,0xff,0x55,0x55,0x22,0xff,0x52,0x50,0x20,0xff,0x1c,0x1b,0x1c,0xff,
    0x15,0x16,0x1c,0xff,0x17,0x17,0x1c,0xff,0x17,0x17,0x1c,0xff,0x17,0x17,0x1c,0xff,
    0x17,0x17,0x1c,0xff,0x17,0x17,0x1c,0xff,0x17,0x17,0x1c,0xff,0x17,0x17,0x1c,0xff,
    0x17,0x17,0x1c,0xff,0x17,0x17,0x1c,0xff,0x17,0x17,0x1c,0xff,0x17,0x17,0x1c,0xff,
    0x17,0x17,0x1c,0xff,0x17,0x17,0x1c,0xff,0x17,0x17,0x1c,0xff,0x17,0x17,0x1c,0xff,
    0x17,0x17,0x1c,0xff,0x17,0x17,0x1c,0xff,0x16,0x13,0x17,0xff,0x16,0x12,0x15,0xff,
    0x16,0x12,0x15,0xff,0x16,0x11,0x15,0xff,0x16,0x11,0x15,0xff,0x19,0x11,0x15,0xff,
    0x0a,0x0d,0x14,0xff,0xa2,0x3e,0x29,0xff,0xff,0x5f,0x34,0xff,0x61,0x24,0x1d,0xff,
    0x06,0x0b,0x15,0xff,0x19,0x10,0x16,0xff,0x14,0x0e,0x17,0xff,0x14,0x0e,0x17,0xff,
    0x14,0x0e,0x17,0xff,0x14,0x0d,0x17,0xff,0x14,0x0d,0x17,0xff,0x13,0x0d,0x18,0xff,
    0x13,0x0d,0x18,0xff,0x14,0x0d,0x18,0xff,0x09,0x0a,0x18,0xff,0xa5,0x3f,0x2a,0xff,
    0xff,0x5e,0x35,0xff,0x82,0x2c,0x25,0xff,0x00,0x07,0x18,0xff,0x10,0x0c,0x1a,0xff,
    0x0c,0x0b,0x1b,0xff,0x0b,0x0b,0x1b,0xff,0x0b,0x0c,0x1b,0xff,0x16,0x16,0x1c,0xff,
    0x17,0x17,0x1c,0xff,0x17,0x17,0x1c,0xff,0x17,0x17,0x1c,0xff,0x17,0x17,0x1c,0xff,
    0x17,0x17,0x1c,0xff,0x17,0x17,0x1c,0xff,0x17,0x17,0x1c,0xff,0x17,0x17,0x1c,0xff,
    0x17,0x17,0x1c,0xff,0x17,0x17,0x1c,0xff,0x17,0x17,0x1c,0xff,0x17,0x17,0x1c,0xff,
    0x17,0x17,0x1c,0xff,0x17,0x17,0x1c,0xff,0x17,0x17,0x1c,0xff,0x17,0x17,0x1c,0xff,
    0x17,0x17,0x1c,0xff,0x17,0x17,0x1c,0xff,0x17,0x18,0x1d,0xff,0x17,0x18,0x1e,0xff,
    0x17,0x18,0x1d,0xff,0x17,0x18,0x1d,0xff,0x17,0x18,0x1d,0xff,0x18,0x19,0x1d,0xff,
    0x13,0x17,0x1d,0xff,0x1d,0x19,0x1d,0xff,0xe2,0x53,0x31,0xff,0xef,0x59,0x34,0xff,
    0x28,0x1e,0x1f,0xff,0x12,0x17,0x1d,0xff,0x19,0x19,0x1d,0xff,0x18,0x19,0x1d,0xff,
    0x18,0x19,0x1d,0xff,0x18,0x19,0x1d,0xff,0x18,0x19,0x1d,0xff,0x18,0x19,0x1d,0xff,
    0x18,0x19,0x1d,0xff,0x19,0x1a,0x1d,0xff,0x16,0x19,0x1c,0xff,0x11,0x15,0x1b,0xff,
    0xbb,0x47,0x2d,0xff,0xff,0x65,0x37,0xff,0x7c,0x35,0x26,0xff,0x07,0x15,0x1b,0xff,
    0x1e,0x1b,0x1d,0xff,0x1a,0x1a,0x1c,0xff,0x1a,0x1a,0x1c,0xff,0x17,0x17,0x1c,0xff,
    0x17,0x17,0x1c,0xff,0x17,0x17,0x1c,0xff,0x17,0x17,0x1c,0xff,0x17,0x17,0x1c,0xff,
    0x17,0x17,0x1c,0xff,0x17,0x17,0x1c,0xff,0x17,0x17,0x1c,0xff,0x17,0x17,0x1c,0xff,
    0x17,0x17,0x1c,0xff,0x17,0x17,0x1c,0xff,0x17,0x17,0x1c,0xff,0x17,0x17,0x1c,0xff,
    0x17,0x17,0x1c,0xff,0x17,0x17,0x1c,0xff,0x17,0x17,0x1c,0xff,0x17,0x17,0x1c,0xff,
    0x17,0x17,0x1c,0xff,0x17,0x17,0x1c,0xff,0x17,0x17,0x1c,0xff,0x17,0x17,0x1c,0xff,
    0x17,0x17,0x1c,0xff,0x17,0x17,0x1c,0xff,0x17,0x17,0x1c,0xff,0x17,0x17,0x1c,0xff,
    0x1b,0x18,0x1c,0xff,0x0a,0x13,0x1b,0xff,0x4f,0x26,0x21,0xff,0xff,0x60,0x35,0xff,
    0xb8,0x45,0x2c,0xff,0x0a,0x13,0x1b,0xff,0x1a,0x18,0x1c,0xff,0x17,0x17,0x1c,0xff,
    0x17,0x17,0x1c,0xff,0x17,0x17,0x1c,0xff,0x17,0x17,0x1c,0xff,0x17,0x17,0x1c,0xff,
    0x17,0x17,0x1c,0xff,0x17,0x17,0x1c,0xff,0x19,0x18,0x1c,0xff,0x13,0x16,0x1b,0xff,
    0x17,0x17,0x1c,0xff,0xc9,0x4b,0x2e,0xff,0xff,0x61,0x36,0xff,0x68,0x2e,0x24,0xff,
    0x05,0x12,0x1a,0xff,0x1c,0x18,0x1c,0xff,0x17,0x17,0x1c,0xff,0x17,0x17,0x1c,0xff,
    0x17,0x17,0x1c,0xff,0x17,0x17,0x1c,0xff,0x17,0x17,0x1c,0xff,0x17,0x17,0x1c,0xff,
    0x17,0x17,0x1c,0xff,0x17,0x17,0x1c,0xff,0x17,0x17,0x1c,0xff,0x17,0x17,0x1c,0xff,
    0x17,0x17,0x1c,0xff,0x17,0x17,0x1c,0xff,0x17,0x17,0x1c,0xff,0x17,0x17,0x1c,0xff,
    0x17,0x17,0x1c,0xff,0x17,0x17,0x1c,0xff,0x17,0x17,0x1c,0xff,0x17,0x17,0x1c,0xff,
    0x17,0x17,0x1c,0xff,0x17,0x17,0x1c,0xff,0x17,0x17,0x1c,0xff,0x17,0x17,0x1c,0xff,
    0x17,0x17,0x1c,0xff,0x17,0x17,0x1c,0xff,0x17,0x17,0x1c,0xff,0x17,0x17,0x1c,0xff,
    0x17,0x17,0x1c,0xff,0x1b,0x18,0x1c,0xff,0x06,0x12,0x1a,0xff,0x96,0x3a,0x28,0xff,
    0xff,0x63,0x36,0xff,0x71,0x30,0x25,0xff,0x06,0x12,0x1a,0xff,0x1b,0x18,0x1c,0xff,
    0x17,0x17,0x1c,0xff,0x17,0x17,0x1c,0xff,0x17,0x17,0x1c,0xff,0x17,0x17,0x1c,0xff,
    0x17,0x17,0x1c,0xff,0x17,0x17,0x1c,0xff,0x17,0x17,0x1c,0xff,0x1a,0x18,0x1c,0xff,
    0x11,0x15,0x1b,0xff,0x21,0x19,0x1d,0xff,0xd7,0x50,0x30,0xff,0xff,0x5e,0x35,0xff,
    0x57,0x29,0x22,0xff,0x06,0x12,0x1a,0xff,0x1b,0x18,0x1c,0xff,0x17,0x17,0x1c,0xff,
    0x17,0x17,0x1c,0xff,0x17,0x17,0x1c,0xff,0x17,0x17,0x1c,0xff,0x17,0x17,0x1c,0xff,
    0x17,0x17,0x1c,0xff,0x17,0x17,0x1c,0xff,0x17,0x17,0x1c,0xff,0x17,0x17,0x1c,0xff,
    0x17,0x17,0x1c,0xff,0x17,0x17,0x1c,0xff,0x17,0x17,0x1c,0xff,0x17,0x17,0x1c,0xff,
    0x17,0x17,0x1c,0xff,0x17,0x17,0x1c,0xff,0x17,0x17,0x1c,0xff,0x17,0x17,0x1c,0xff,
    0x17,0x17,0x1c,0xff,0x17,0x17,0x1c,0xff,0x17,0x17,0x1c,0xff,0x17,0x17,0x1c,0xff,
    0x17,0x17,0x1c,0xff,0x17,0x17,0x1c,0xff,0x17,0x17,0x1c,0xff,0x17,0x17,0x1c,0xff,
    0x17,0x18,0x1d,0xff,0x18,0x18,0x1d,0xff,0x17,0x18,0x1d,0xff,0x16,0x18,0x1d,0xff,
    0xd7,0x50,0x31,0xff,0xf7,0x5b,0x34,0xff,0x32,0x1f,0x1f,0xff,0x0e,0x16,0x1c,0xff,
    0x19,0x19,0x1e,0xff,0x17,0x18,0x1d,0xff,0x17,0x19,0x1d,0xff,0x17,0x19,0x1d,0xff,
    0x17,0x19,0x1d,0xff,0x17,0x19,0x1d,0xff,0x17,0x19,0x1d,0xff,0x17,0x19,0x1d,0xff,
    0x1b,0x1a,0x1d,0xff,0x0f,0x17,0x1c,0xff,0x2d,0x1f,0x1f,0xff,0xe5,0x56,0x32,0xff,
    0xfb,0x5d,0x35,0xff,0x49,0x24,0x21,0xff,0x0a,0x14,0x1b,0xff,0x1b,0x1a,0x1d,0xff,
    0x18,0x19,0x1d,0xff,0x18,0x19,0x1d,0xff,0x19,0x19,0x1d,0xff,0x19,0x19,0x1d,0xff,
    0x19,0x1a,0x1d,0xff,0x19,0x19,0x1c,0xff,0x17,0x17,0x1c,0xff,0x17,0x17,0x1c,0xff,
    0x17,0x17,0x1c,0xff,0x17,0x17,0x1c,0xff,0x17,0x17,0x1c,0xff,0x17,0x17,0x1c,0xff,
    0x17,0x17,0x1c,0xff,0x17,0x17,0x1c,0xff,0x17,0x17,0x1c,0xff,0x17,0x17,0x1c,0xff,
    0x17,0x17,0x1c,0xff,0x17,0x17,0x1c,0xff,0x17,0x17,0x1c,0xff,0x17,0x17,0x1c,0xff,
    0x17,0x17,0x1c,0xff,0x17,0x17,0x1c,0xff,0x17,0x17,0x1c,0xff,0x17,0x17,0x1c,0xff,
    0x15,0x14,0x16,0xff,0x15,0x13,0x15,0xff,0x19,0x13,0x16,0xff,0x0a,0x0f,0x14,0xff,
    0x41,0x1e,0x19,0xff,0xfa,0x5a,0x31,0xff,0xc6,0x49,0x2d,0xff,0x11,0x10,0x15,0xff,
    0x17,0x11,0x15,0xff,0x17,0x10,0x15,0xff,0x16,0x10,0x15,0xff,0x16,0x10,0x15,0xff,
    0x16,0x0f,0x16,0xff,0x16,0x0f,0x16,0xff,0x15,0x0f,0x16,0xff,0x15,0x0f,0x16,0xff,
    0x14,0x0e,0x17,0xff,0x19,0x0f,0x17,0xff,0x08,0x0a,0x16,0xff,0x36,0x16,0x1a,0xff,
    0xe9,0x4f,0x2f,0xff,0xee,0x58,0x33,0xff,0x35,0x1a,0x1d,0xff,0x0b,0x0a,0x17,0xff,
    0x13,0x0d,0x18,0xff,0x11,0x0c,0x19,0xff,0x10,0x0c,0x19,0xff,0x0f,0x0c,0x19,0xff,
    0x0e,0x0b,0x1a,0xff,0x10,0x0e,0x1a,0xff,0x17,0x17,0x1c,0xff,0x17,0x17,0x1c,0xff,
    0x17,0x17,0x1c,0xff,0x17,0x17,0x1c,0xff,0x17,0x17,0x1c,0xff,0x17,0x17,0x1c,0xff,
    0x17,0x17,0x1c,0xff,0x17,0x17,0x1c,0xff,0x17,0x17,0x1c,0xff,0x17,0x17,0x1c,0xff,
    0x17,0x17,0x1c,0xff,0x17,0x17,0x1c,0xff,0x17,0x17,0x1c,0xff,0x17,0x17,0x1c,0xff,
    0x17,0x17,0x1c,0xff,0x17,0x17,0x1c,0xff,0x17,0x17,0x1b,0xff,0x18,0x18,0x1e,0xff,
    0x20,0x28,0x3a,0xff,0x21,0x2c,0x3e,0xff,0x1f,0x2d,0x3d,0xff,0x24,0x30,0x3d,0xff,
    0x0c,0x2d,0x3e,0xff,0xab,0x4b,0x38,0xff,0xff,0x5b,0x33,0xff,0x31,0x39,0x3d,0xff,
    0x16,0x36,0x3d,0xff,0x1c,0x39,0x3d,0xff,0x1a,0x3b,0x3d,0xff,0x1a,0x3c,0x3d,0xff,
    0x1c,0x3e,0x3c,0xff,0x1e,0x3f,0x3b,0xff,0x1f,0x41,0x3a,0xff,0x21,0x42,0x39,0xff,
    0x22,0x43,0x38,0xff,0x23,0x45,0x37,0xff,0x2b,0x47,0x36,0xff,0x15,0x45,0x34,0xff,
    0x69,0x51,0x35,0xff,0xff,0x5d,0x34,0xff,0x85,0x52,0x32,0xff,0x1f,0x4c,0x2f,0xff,
    0x37,0x4e,0x2e,0xff,0x37,0x4e,0x2d,0xff,0x3b,0x4f,0x2b,0xff,0x3f,0x4f,0x29,0xff,
    0x46,0x54,0x28,0xff,0x39,0x41,0x23,0xff,0x15,0x14,0x1b,0xff,0x17,0x18,0x1c,0xff,
    0x17,0x17,0x1c,0xff,0x17,0x17,0x1c,0xff,0x17,0x17,0x1c,0xff,0x17,0x17,0x1c,0xff,
    0x17,0x17,0x1c,0xff,0x17,0x17,0x1c,0xff,0x17,0x17,0x1c,0xff,0x17,0x17,0x1c,0xff,
    0x17,0x17,0x1c,0xff,0x17,0x17,0x1c,0xff,0x17,0x17,0x1c,0xff,0x17,0x17,0x1c,0xff,
    0x17,0x17,0x1c,0xff,0x18,0x18,0x1e,0xff,0x14,0x13,0x15,0xff,0x25,0x2f,0x49,0xff,
    0x3c,0x5d,0x96,0xff,0x37,0x5f,0x8f,0xff,0x36,0x66,0x91,0xff,0x36,0x6b,0x90,0xff,
    0x22,0x73,0x98,0xff,0xa4,0x64,0x5b,0xff,0xfe,0x58,0x30,0xff,0x3c,0x7e,0x88,0xff,
    0x22,0x89,0x93,0xff,0x27,0x8d,0x90,0xff,0x23,0x93,0x91,0xff,0x23,0x99,0x90,0xff,
    0x29,0x9e,0x8d,0xff,0x2e,0xa3,0x88,0xff,0x33,0xa8,0x84,0xff,0x39,0xad,0x81,0xff,
    0x3e,0xb2,0x7d,0xff,0x44,0xb7,0x7a,0xff,0x4b,0xbb,0x74,0xff,0x49,0xc7,0x75,0xff,
    0x74,0xae,0x61,0xff,0xfe,0x4d,0x2d,0xff,0x9f,0xa0,0x51,0xff,0x60,0xdc,0x65,0xff,
    0x7c,0xd4,0x5b,0xff,0x88,0xd9,0x56,0xff,0x96,0xdc,0x51,0xff,0xa5,0xde,0x4b,0xff,
    0xb4,0xe2,0x46,0xff,0xbf,0xe1,0x40,0xff,0x38,0x3d,0x22,0xff,0x10,0x0f,0x1b,0xff,
    0x19,0x19,0x1c,0xff,0x17,0x17,0x1c,0xff,0x17,0x17,0x1c,0xff,0x17,0x17,0x1c,0xff,
    0x17,0x17,0x1c,0xff,0x17,0x17,0x1c,0xff,0x17,0x17,0x1c,0xff,0x17,0x17,0x1c,0xff,
    0x17,0x17,0x1c,0xff,0x17,0x17,0x1c,0xff,0x17,0x17,0x1c,0xff,0x17,0x17,0x1c,0xff,
    0x17,0x17,0x1c,0xff,0x18,0x18,0x1e,0xff,0x14,0x13,0x14,0xff,0x29,0x35,0x55,0xff,
    0x3b,0x5b,0x92,0xff,0x35,0x5a,0x88,0xff,0x34,0x61,0x8a,0xff,0x35,0x66,0x89,0xff,
    0x20,0x6d,0x91,0xff,0xa7,0x63,0x59,0xff,0xff,0x58,0x30,0xff,0x3b,0x78,0x82,0xff,
    0x21,0x82,0x8c,0xff,0x26,0x86,0x89,0xff,0x22,0x8c,0x8a,0xff,0x22,0x91,0x89,0xff,
    0x28,0x96,0x86,0xff,0x2d,0x9a,0x82,0xff,0x32,0x9f,0x7e,0xff,0x37,0xa3,0x7b,0xff,
    0x3c,0xa8,0x77,0xff,0x42,0xad,0x74,0xff,0x48,0xb1,0x6f,0xff,0x43,0xbb,0x6f,0xff,
    0x77,0xa7,0x5d,0xff,0xff,0x4e,0x2e,0xff,0x9d,0x9a,0x4f,0xff,0x5a,0xd0,0x60,0xff,
    0x76,0xc9,0x57,0xff,0x81,0xcd,0x52,0xff,0x8f,0xd0,0x4d,0xff,0x9d,0xd2,0x48,0xff,
    0xa8,0xd2,0x42,0xff,0xc1,0xe2,0x40,0xff,0x47,0x4e,0x24,0xff,0x0e,0x0b,0x1a,0xff,
    0x19,0x19,0x1c,0xff,0x17,0x17,0x1c,0xff,0x17,0x17,0x1c,0xff,0x17,0x17,0x1c,0xff,
    0x17,0x17,0x1c,0xff,0x17,0x17,0x1c,0xff,0x17,0x17,0x1c,0xff,0x17,0x17,0x1c,0xff,
    0x17,0x17,0x1c,0xff,0x17,0x17,0x1c,0xff,0x17,0x17,0x1c,0xff,0x17,0x17,0x1c,0xff,
    0x17,0x17,0x1c,0xff,0x18,0x18,0x1e,0xff,0x14,0x13,0x14,0xff,0x28,0x34,0x53,0xff,
    0x3b,0x5b,0x93,0xff,0x35,0x5b,0x89,0xff,0x34,0x62,0x8b,0xff,0x35,0x67,0x8a,0xff,
    0x20,0x6e,0x92,0xff,0xa6,0x63,0x59,0xff,0xff,0x58,0x30,0xff,0x3b,0x79,0x83,0xff,
    0x21,0x83,0x8d,0xff,0x26,0x87,0x8a,0xff,0x22,0x8d,0x8b,0xff,0x22,0x92,0x8a,0xff,
    0x28,0x97,0x87,0xff,0x2d,0x9c,0x83,0xff,0x32,0xa1,0x7f,0xff,0x37,0xa5,0x7c,0xff,
    0x3c,0xaa,0x78,0xff,0x42,0xaf,0x75,0xff,0x49,0xb3,0x70,0xff,0x44,0xbd,0x70,0xff,
    0x76,0xa8,0x5e,0xff,0xff,0x4e,0x2e,0xff,0x9e,0x9b,0x4f,0xff,0x5b,0xd2,0x61,0xff,
    0x77,0xcb,0x58,0xff,0x82,0xcf,0x53,0xff,0x90,0xd2,0x4e,0xff,0x9e,0xd4,0x49,0xff,
    0xaa,0xd5,0x43,0xff,0xc1,0xe2,0x40,0xff,0x44,0x4a,0x24,0xff,0x0e,0x0c,0x1a,0xff,
    0x19,0x19,0x1c,0xff,0x17,0x17,0x1c,0xff,0x17,0x17,0x1c,0xff,0x17,0x17,0x1c,0xff,
    0x17,0x17,0x1c,0xff,0x17,0x17,0x1c,0xff,0x17,0x17,0x1c,0xff,0x17,0x17,0x1c,0xff,
    0x17,0x17,0x1c,0xff,0x17,0x17,0x1c,0xff,0x17,0x17,0x1c,0xff,0x17,0x17,0x1c,0xff,
    0x17,0x17,0x1c,0xff,0x18,0x18,0x1e,0xff,0x14,0x13,0x14,0xff,0x28,0x34,0x53,0xff,
    0x3b,0x5b,0x93,0xff,0x35,0x5b,0x89,0xff,0x34,0x62,0x8b,0xff,0x35,0x67,0x8a,0xff,
    0x20,0x6e,0x92,0xff,0xa6,0x63,0x59,0xff,0xff,0x58,0x30,0xff,0x3b,0x79,0x83,0xff,
    0x21,0x83,0x8d,0xff,0x26,0x87,0x8a,0xff,0x22,0x8d,0x8b,0xff,0x22,0x92,0x8a,0xff,
    0x28,0x97,0x87,0xff,0x2d,0x9c,0x83,0xff,0x32,0xa1,0x7f,0xff,0x37,0xa5,0x7c,0xff,
    0x3c,0xaa,0x78,0xff,0x42,0xaf,0x75,0xff,0x49,0xb3,0x70,0xff,0x44,0xbd,0x70,0xff,
    0x76,0xa8,0x5e,0xff,0xff,0x4e,0x2e,0xff,0x9e,0x9b,0x4f,0xff,0x5b,0xd2,0x61,0xff,
    0x77,0xcb,0x58,0xff,0x82,0xcf,0x53,0xff,0x90,0xd2,0x4e,0xff,0x9e,0xd4,0x49,0xff,
    0xaa,0xd5,0x43,0xff,0xc1,0xe2,0x40,0xff,0x45,0x4b,0x24,0xff,0x0e,0x0c,0x1a,0xff,
    0x19,0x19,0x1c,0xff,0x17,0x17,0x1c,0xff,0x17,0x17,0x1c,0xff,0x17,0x17,0x1c,0xff,
    0x17,0x17,0x1c,0xff,0x17,0x17,0x1c,0xff,0x17,0x17,0x1c,0xff,0x17,0x17,0x1c,0xff,
    0x17,0x17,0x1c,0xff,0x17,0x17,0x1c,0xff,0x17,0x17,0x1c,0xff,0x17,0x17,0x1c,0xff,
    0x17,0x17,0x1c,0xff,0x18,0x18,0x1e,0xff,0x14,0x13,0x14,0xff,0x28,0x34,0x53,0xff,
    0x3b,0x5b,0x93,0xff,0x35,0x5b,0x89,0xff,0x34,0x62,0x8b,0xff,0x35,0x67,0x8a,0xff,
    0x20,0x6e,0x92,0xff,0xa6,0x63,0x59,0xff,0xff,0x58,0x30,0xff,0x3b,0x79,0x83,0xff,
    0x21,0x83,0x8d,0xff,0x26,0x87,0x8a,0xff,0x22,0x8d,0x8b,0xff,0x22,0x92,0x8a,0xff,
    0x28,0x97,0x87,0xff,0x2d,0x9c,0x83,0xff,0x32,0xa1,0x7f,0xff,0x37,0xa5,0x7c,0xff,
    0x3c,0xaa,0x78,0xff,0x42,0xaf,0x75,0xff,0x49,0xb3,0x70,0xff,0x44,0xbd,0x70,0xff,
    0x76,0xa8,0x5e,0xff,0xff,0x4e,0x2e,0xff,0x9e,0x9b,0x4f,0xff,0x5b,0xd2,0x61,0xff,
    0x77,0xcb,0x58,0xff,0x82,0xcf,0x53,0xff,0x90,0xd2,0x4e,0xff,0x9e,0xd4,0x49,0xff,
    0xaa,0xd5,0x43,0xff,0xc1,0xe2,0x40,0xff,0x45,0x4b,0x24,0xff,0x0e,0x0c,0x1a,0xff,
    0x19,0x19,0x1c,0xff,0x17,0x17,0x1c,0xff,0x17,0x17,0x1c,0xff,0x17,0x17,0x1c,0xff,
    0x17,0x17,0x1c,0xff,0x17,0x17,0x1c,0xff,0x17,0x17,0x1c,0xff,0x17,0x17,0x1c,0xff,
    0x17,0x17,0x1c,0xff,0x17,0x17,0x1c,0xff,0x17,0x17,0x1c,0xff,0x17,0x17,0x1c,0xff,
    0x17,0x17,0x1c,0xff,0x18,0x18,0x1e,0xff,0x14,0x13,0x14,0xff,0x28,0x34,0x53,0xff,
    0x3b,0x5b,0x93,0xff,0x35,0x5b,0x89,0xff,0x34,0x62,0x8b,0xff,0x35,0x67,0x8a,0xff,
    0x20,0x6e,0x92,0xff,0xa6,0x63,0x59,0xff,0xff,0x58,0x30,0xff,0x3b,0x79,0x83,0xff,
    0x21,0x83,0x8d,0xff,0x26,0x87,0x8a,0xff,0x22,0x8d,0x8b,0xff,0x22,0x92,0x8a,0xff,
    0x28,0x97,0x87,0xff,0x2d,0x9c,0x83,0xff,0x32,0xa1,0x7f,0xff,0x37,0xa5,0x7c,0xff,
    0x3c,0xaa,0x78,0xff,0x42,0xaf,0x75,0xff,0x49,0xb3,0x70,0xff,0x44,0xbd,0x70,0xff,
    0x76,0xa8,0x5e,0xff,0xff,0x4e,0x2e,0xff,0x9e,0x9b,0x4f,0xff,0x5b,0xd2,0x61,0xff,
    0x77,0xcb,0x58,0xff,0x82,0xcf,0x53,0xff,0x90,0xd2,0x4e,0xff,0x9e,0xd4,0x49,0xff,
    0xaa,0xd5,0x43,0xff,0xc1,0xe2,0x40,0xff,0x45,0x4b,0x24,0xff,0x0e,0x0c,0x1a,0xff,
    0x19,0x19,0x1c,0xff,0x17,0x17,0x1c,0xff,0x17,0x17,0x1c,0xff,0x17,0x17,0x1c,0xff,
    0x17,0x17,0x1c,0xff,0x17,0x17,0x1c,0xff,0x17,0x17,0x1c,0xff,0x17,0x17,0x1c,0xff,
    0x17,0x17,0x1c,0xff,0x17,0x17,0x1c,0xff,0x17,0x17,0x1c,0xff,0x17,0x17,0x1c,0xff,
    0x17,0x17,0x1c,0xff,0x18,0x18,0x1e,0xff,0x14,0x13,0x14,0xff,0x28,0x34,0x52,0xff,
    0x3b,0x5b,0x93,0xff,0x35,0x5b,0x89,0xff,0x34,0x62,0x8b,0xff,0x35,0x67,0x8a,0xff,
    0x20,0x6e,0x92,0xff,0xa6,0x63,0x59,0xff,0xff,0x58,0x30,0xff,0x3b,0x79,0x83,0xff,
    0x21,0x83,0x8d,0xff,0x26,0x87,0x8a,0xff,0x22,0x8d,0x8b,0xff,0x22,0x92,0x8a,0xff,
    0x28,0x97,0x87,0xff,0x2d,0x9c,0x83,0xff,0x32,0xa1,0x7f,0xff,0x37,0xa5,0x7c,0xff,
    0x3c,0xaa,0x78,0xff,0x42,0xaf,0x75,0xff,0x49,0xb3,0x70,0xff,0x44,0xbd,0x70,0xff,
    0x76,0xa8,0x5e,0xff,0xff,0x4e,0x2e,0xff,0x9e,0x9b,0x4f,0xff,0x5b,0xd2,0x61,0xff,
    0x77,0xcb,0x58,0xff,0x82,0xcf,0x53,0xff,0x90,0xd2,0x4e,0xff,0x9e,0xd4,0x49,0xff,
    0xaa,0xd5,0x43,0xff,0xc0,0xe1,0x40,0xff,0x44,0x4a,0x24,0xff,0x0e,0x0c,0x1a,0xff,
    0x19,0x19,0x1c,0xff,0x17,0x17,0x1c,0xff,0x17,0x17,0x1c,0xff,0x17,0x17,0x1c,0xff,
    0x17,0x17,0x1c,0xff,0x17,0x17,0x1c,0xff,0x17,0x17,0x1c,0xff,0x17,0x17,0x1c,0xff,
    0x17,0x17,0x1c,0xff,0x17,0x17,0x1c,0xff,0x17,0x17,0x1c,0xff,0x17,0x17,0x1c,0xff,
    0x17,0x17,0x1c,0xff,0x18,0x18,0x1e,0xff,0x14,0x13,0x14,0xff,0x29,0x35,0x56,0xff,
    0x3b,0x5c,0x95,0xff,0x35,0x5b,0x89,0xff,0x34,0x62,0x8c,0xff,0x35,0x67,0x8b,0xff,
    0x20,0x6f,0x93,0xff,0xa4,0x63,0x59,0xff,0xfc,0x57,0x30,0xff,0x3b,0x79,0x83,0xff,
    0x21,0x84,0x8e,0xff,0x26,0x88,0x8b,0xff,0x22,0x8e,0x8c,0xff,0x22,0x93,0x8b,0xff,
    0x28,0x98,0x88,0xff,0x2d,0x9d,0x83,0xff,0x32,0xa2,0x7f,0xff,0x37,0xa6,0x7c,0xff,
    0x3c,0xab,0x78,0xff,0x42,0xb0,0x75,0xff,0x49,0xb4,0x70,0xff,0x44,0xbe,0x70,0xff,
    0x76,0xa8,0x5e,0xff,0xfc,0x4d,0x2e,0xff,0x9d,0x9b,0x4f,0xff,0x5c,0xd3,0x61,0xff,
    0x77,0xcc,0x58,0xff,0x83,0xd0,0x53,0xff,0x91,0xd3,0x4e,0xff,0x9f,0xd5,0x49,0xff,
    0xaa,0xd5,0x43,0xff,0xc5,0xe6,0x41,0xff,0x48,0x4e,0x25,0xff,0x0d,0x0b,0x1a,0xff,
    0x19,0x19,0x1c,0xff,0x17,0x17,0x1c,0xff,0x17,0x17,0x1c,0xff,0x17,0x17,0x1c,0xff,
    0x17,0x17,0x1c,0xff,0x17,0x17,0x1c,0xff,0x17,0x17,0x1c,0xff,0x17,0x17,0x1c,0xff,
    0x17,0x17,0x1c,0xff,0x17,0x17,0x1c,0xff,0x17,0x17,0x1c,0xff,0x17,0x17,0x1c,0xff,
    0x17,0x17,0x1c,0xff,0x18,0x18,0x1e,0xff,0x15,0x14,0x16,0xff,0x22,0x2a,0x40,0xff,
    0x39,0x57,0x8d,0xff,0x35,0x5b,0x89,0xff,0x34,0x61,0x89,0xff,0x35,0x66,0x89,0xff,
    0x1f,0x6c,0x90,0xff,0xae,0x65,0x59,0xff,0xff,0x5c,0x32,0xff,0x3c,0x78,0x82,0xff,
    0x20,0x81,0x8b,0xff,0x26,0x86,0x89,0xff,0x22,0x8b,0x8a,0xff,0x22,0x90,0x89,0xff,
    0x28,0x95,0x86,0xff,0x2d,0x9a,0x82,0xff,0x32,0x9f,0x7e,0xff,0x37,0xa3,0x7b,0xff,
    0x3c,0xa8,0x77,0xff,0x41,0xad,0x74,0xff,0x48,0xb1,0x6f,0xff,0x43,0xbb,0x6f,0xff,
    0x78,0xa7,0x5e,0xff,0xff,0x53,0x30,0xff,0xa3,0x9b,0x4f,0xff,0x59,0xcf,0x60,0xff,
    0x76,0xc9,0x57,0xff,0x81,0xcd,0x52,0xff,0x8e,0xd0,0x4d,0xff,0x9b,0xd1,0x48,0xff,
    0xab,0xd6,0x43,0xff,0xaf,0xcd,0x3c,0xff,0x30,0x33,0x20,0xff,0x12,0x11,0x1b,0xff,
    0x18,0x18,0x1c,0xff,0x17,0x17,0x1c,0xff,0x17,0x17,0x1c,0xff,0x17,0x17,0x1c,0xff,
    0x17,0x17,0x1c,0xff,0x17,0x17,0x1c,0xff,0x17,0x17,0x1c,0xff,0x17,0x17,0x1c,0xff,
    0x17,0x17,0x1c,0xff,0x17,0x17,0x1c,0xff,0x17,0x17,0x1c,0xff,0x17,0x17,0x1c,0xff,
    0x17,0x17,0x1c,0xff,0x17,0x17,0x1c,0xff,0x17,0x17,0x1c,0xff,0x16,0x16,0x1a,0xff,
    0x1b,0x1e,0x28,0xff,0x1b,0x21,0x2c,0xff,0x1b,0x21,0x2b,0xff,0x1d,0x22,0x2b,0xff,
    0x0f,0x20,0x2b,0xff,0x70,0x35,0x2b,0xff,0xb1,0x44,0x2b,0xff,0x26,0x28,0x2b,0xff,
    0x15,0x25,0x2b,0xff,0x1a,0x26,0x2b,0xff,0x19,0x27,0x2b,0xff,0x19,0x28,0x2b,0xff,
    0x19,0x29,0x2b,0xff,0x1a,0x29,0x2a,0xff,0x1b,0x2a,0x2a,0xff,0x1b,0x2a,0x29,0xff,
    0x1c,0x2b,0x29,0xff,0x1d,0x2c,0x28,0xff,0x1f,0x2d,0x27,0xff,0x17,0x2c,0x27,0xff,
    0x3d,0x32,0x28,0xff,0xb1,0x45,0x2c,0xff,0x5a,0x37,0x28,0xff,0x18,0x2e,0x24,0xff,
    0x26,0x30,0x24,0xff,0x26,0x30,0x24,0xff,0x28,0x31,0x23,0xff,0x29,0x31,0x22,0xff,
    0x2d,0x33,0x22,0xff,0x23,0x26,0x1f,0xff,0x13,0x13,0x1b,0xff,0x18,0x18,0x1c,0xff,
    0x17,0x17,0x1c,0xff,0x17,0x17,0x1c,0xff,0x17,0x17,0x1c,0xff,0x17,0x17,0x1c,0xff,
    0x16,0x16,0x1b,0xf6,0x17,0x17,0x1c,0xff,0x17,0x17,0x1c,0xff,0x17,0x17,0x1c,0xff,
    0x17,0x17,0x1c,0xff,0x17,0x17,0x1c,0xff,0x17,0x17,0x1c,0xff,0x17,0x17,0x1c,0xff,
    0x17,0x17,0x1c,0xff,0x17,0x17,0x1c,0xff,0x17,0x17,0x1c,0xff,0x17,0x17,0x1c,0xff,
    0x16,0x15,0x19,0xff,0x16,0x15,0x18,0xff,0x16,0x15,0x18,0xff,0x16,0x14,0x18,0xff,
    0x17,0x14,0x18,0xff,0x0f,0x13,0x1a,0xff,0x09,0x13,0x1b,0xff,0x15,0x14,0x19,0xff,
    0x17,0x14,0x18,0xff,0x16,0x13,0x18,0xff,0x17,0x13,0x18,0xff,0x17,0x13,0x18,0xff,
    0x16,0x13,0x19,0xff,0x16,0x13,0x19,0xff,0x16,0x13,0x19,0xff,0x16,0x12,0x19,0xff,
    0x16,0x12,0x19,0xff,0x16,0x12,0x19,0xff,0x15,0x12,0x19,0xff,0x16,0x12,0x19,0xff,
    0x13,0x12,0x1a,0xff,0x09,0x13,0x1b,0xff,0x10,0x12,0x1a,0xff,0x15,0x11,0x1a,0xff,
    0x14,0x11,0x1a,0xff,0x14,0x11,0x1a,0xff,0x13,0x11,0x1a,0xff,0x13,0x11,0x1b,0xff,
    0x12,0x10,0x1b,0xff,0x14,0x13,0x1b,0xff,0x18,0x18,0x1c,0xff,0x17,0x17,0x1c,0xff,
    0x17,0x17,0x1c,0xff,0x17,0x17,0x1c,0xff,0x17,0x17,0x1c,0xff,0x16,0x16,0x1b,0xf6,
    0x16,0x16,0x1c,0xd7,0x18,0x18,0x1d,0xff,0x17,0x17,0x1c,0xfd,0x17,0x17,0x1c,0xff,
    0x17,0x17,0x1c,0xff,0x17,0x17,0x1c,0xff,0x17,0x17,0x1c,0xff,0x17,0x17,0x1c,0xff,
    0x17,0x17,0x1c,0xff,0x17,0x17,0x1c,0xff,0x17,0x17,0x1c,0xff,0x17,0x17,0x1c,0xff,
    0x17,0x17,0x1d,0xff,0x17,0x18,0x1d,0xff,0x17,0x18,0x1d,0xff,0x17,0x18,0x1d,0xff,
    0x17,0x18,0x1d,0xff,0x19,0x18,0x1d,0xff,0x1a,0x18,0x1c,0xff,0x17,0x18,0x1d,0xff,
    0x17,0x18,0x1d,0xff,0x17,0x18,0x1d,0xff,0x17,0x18,0x1d,0xff,0x17,0x18,0x1d,0xff,
    0x17,0x18,0x1d,0xff,0x17,0x18,0x1d,0xff,0x17,0x18,0x1d,0xff,0x17,0x18,0x1d,0xff,
    0x17,0x18,0x1d,0xff,0x17,0x18,0x1d,0xff,0x17,0x18,0x1d,0xff,0x17,0x18,0x1d,0xff,
    0x18,0x18,0x1d,0xff,0x1a,0x18,0x1c,0xff,0x19,0x18,0x1c,0xff,0x17,0x18,0x1c,0xff,
    0x18,0x18,0x1c,0xff,0x18,0x18,0x1c,0xff,0x18,0x18,0x1c,0xff,0x18,0x18,0x1c,0xff,
    0x18,0x18,0x1c,0xff,0x18,0x18,0x1c,0xff,0x17,0x17,0x1c,0xff,0x17,0x17,0x1c,0xff,
    0x17,0x17,0x1c,0xff,0x17,0x17,0x1c,0xfd,0x18,0x18,0x1d,0xff,0x16,0x16,0x1c,0xd7,
    0x17,0x17,0x1b,0x96,0x18,0x18,0x1d,0xff,0x17,0x17,0x1c,0xfc,0x17,0x17,0x1c,0xff,
    0x17,0x17,0x1c,0xff,0x17,0x17,0x1c,0xff,0x17,0x17,0x1c,0xff,0x17,0x17,0x1c,0xff,
    0x17,0x17,0x1c,0xff,0x17,0x17,0x1c,0xff,0x17,0x17,0x1c,0xff,0x17,0x17,0x1c,0xff,
    0x17,0x17,0x1c,0xff,0x17,0x17,0x1c,0xff,0x17,0x17,0x1c,0xff,0x17,0x17,0x1c,0xff,
    0x17,0x17,0x1c,0xff,0x17,0x17,0x1c,0xff,0x17,0x17,0x1c,0xff,0x17,0x17,0x1c,0xff,
    0x17,0x17,0x1c,0xff,0x17,0x17,0x1c,0xff,0x17,0x17,0x1c,0xff,0x17,0x17,0x1c,0xff,
    0x17,0x17,0x1c,0xff,0x17,0x17,0x1c,0xff,0x17,0x17,0x1c,0xff,0x17,0x17,0x1c,0xff,
    0x17,0x17,0x1c,0xff,0x17,0x17,0x1c,0xff,0x17,0x17,0x1c,0xff,0x17,0x17,0x1c,0xff,
    0x17,0x17,0x1c,0xff,0x17,0x17,0x1c,0xff,0x17,0x17,0x1c,0xff,0x17,0x17,0x1c,0xff,
    0x17,0x17,0x1c,0xff,0x17,0x17,0x1c,0xff,0x17,0x17,0x1c,0xff,0x17,0x17,0x1c,0xff,
    0x17,0x17,0x1c,0xff,0x17,0x17,0x1c,0xff,0x17,0x17,0x1c,0xff,0x17,0x17,0x1c,0xff,
    0x17,0x17,0x1c,0xff,0x17,0x17,0x1c,0xfc,0x18,0x18,0x1d,0xff,0x17,0x17,0x1b,0x96,
    0x17,0x17,0x1c,0x36,0x17,0x17,0x1c,0xfd,0x17,0x17,0x1c,0xfd,0x17,0x17,0x1c,0xff,
    0x17,0x17,0x1c,0xff,0x17,0x17,0x1c,0xff,0x17,0x17,0x1c,0xff,0x17,0x17,0x1c,0xff,
    0x17,0x17,0x1c,0xff,0x17,0x17,0x1c,0xff,0x17,0x17,0x1c,0xff,0x17,0x17,0x1c,0xff,
    0x17,0x17,0x1c,0xff,0x17,0x17,0x1c,0xff,0x17,0x17,0x1c,0xff,0x17,0x17,0x1c,0xff,
    0x17,0x17,0x1c,0xff,0x17,0x17,0x1c,0xff,0x17,0x17,0x1c,0xff,0x17,0x17,0x1c,0xff,
    0x17,0x17,0x1c,0xff,0x17,0x17,0x1c,0xff,0x17,0x17,0x1c,0xff,0x17,0x17,0x1c,0xff,
    0x17,0x17,0x1c,0xff,0x17,0x17,0x1c,0xff,0x17,0x17,0x1c,0xff,0x17,0x17,0x1c,0xff,
    0x17,0x17,0x1c,0xff,0x17,0x17,0x1c,0xff,0x17,0x17,0x1c,0xff,0x17,0x17,0x1c,0xff,
    0x17,0x17,0x1c,0xff,0x17,0x17,0x1c,0xff,0x17,0x17,0x1c,0xff,0x17,0x17,0x1c,0xff,
    0x17,0x17,0x1c,0xff,0x17,0x17,0x1c,0xff,0x17,0x17,0x1c,0xff,0x17,0x17,0x1c,0xff,
    0x17,0x17,0x1c,0xff,0x17,0x17,0x1c,0xff,0x17,0x17,0x1c,0xff,0x17,0x17,0x1c,0xff,
    0x17,0x17,0x1c,0xff,0x17,0x17,0x1c,0xfd,0x17,0x17,0x1c,0xfd,0x17,0x17,0x1c,0x36,
    0x00,0x00,0x00,0x00,0x17,0x17,0x1b,0xb0,0x19,0x19,0x1e,0xff,0x17,0x17,0x1c,0xfb,
    0x17,0x17,0x1c,0xff,0x17,0x17,0x1c,0xff,0x17,0x17,0x1c,0xff,0x17,0x17,0x1c,0xff,
    0x17,0x17,0x1c,0xff,0x17,0x17,0x1c,0xff,0x17,0x17,0x1c,0xff,0x17,0x17,0x1c,0xff,
    0x17,0x17,0x1c,0xff,0x17,0x17,0x1c,0xff,0x17,0x17,0x1c,0xff,0x17,0x17,0x1c,0xff,
    0x17,0x17,0x1c,0xff,0x17,0x17,0x1c,0xff,0x17,0x17,0x1c,0xff,0x17,0x17,0x1c,0xff,
    0x17,0x17,0x1c,0xff,0x17,0x17,0x1c,0xff,0x17,0x17,0x1c,0xff,0x17,0x17,0x1c,0xff,
    0x17,0x17,0x1c,0xff,0x17,0x17,0x1c,0xff,0x17,0x17,0x1c,0xff,0x17,0x17,0x1c,0xff,
    0x17,0x17,0x1c,0xff,0x17,0x17,0x1c,0xff,0x17,0x17,0x1c,0xff,0x17,0x17,0x1c,0xff,
    0x17,0x17,0x1c,0xff,0x17,0x17,0x1c,0xff,0x17,0x17,0x1c,0xff,0x17,0x17,0x1c,0xff,
    0x17,0x17,0x1c,0xff,0x17,0x17,0x1c,0xff,0x17,0x17,0x1c,0xff,0x17,0x17,0x1c,0xff,
    0x17,0x17,0x1c,0xff,0x17,0x17,0x1c,0xff,0x17,0x17,0x1c,0xff,0x17,0x17,0x1c,0xff,
    0x17,0x17,0x1c,0xfb,0x19,0x19,0x1e,0xff,0x17,0x17,0x1b,0xb0,0x00,0x00,0x00,0x00,
    0x00,0x00,0x00,0x01,0x16,0x16,0x1e,0x22,0x18,0x18,0x1c,0xf3,0x18,0x18,0x1d,0xfe,
    0x17,0x17,0x1c,0xfc,0x17,0x17,0x1c,0xff,0x17,0x17,0x1c,0xff,0x17,0x17,0x1c,0xff,
    0x17,0x17,0x1c,0xff,0x17,0x17,0x1c,0xff,0x17,0x17,0x1c,0xff,0x17,0x17,0x1c,0xff,
    0x17,0x17,0x1c,0xff,0x17,0x17,0x1c,0xff,0x17,0x17,0x1c,0xff,0x17,0x17,0x1c,0xff,
    0x17,0x17,0x1c,0xff,0x17,0x17,0x1c,0xff,0x17,0x17,0x1c,0xff,0x17,0x17,0x1c,0xff,
    0x17,0x17,0x1c,0xff,0x17,0x17,0x1c,0xff,0x17,0x17,0x1c,0xff,0x17,0x17,0x1c,0xff,
    0x17,0x17,0x1c,0xff,0x17,0x17,0x1c,0xff,0x17,0x17,0x1c,0xff,0x17,0x17,0x1c,0xff,
    0x17,0x17,0x1c,0xff,0x17,0x17,0x1c,0xff,0x17,0x17,0x1c,0xff,0x17,0x17,0x1c,0xff,
    0x17,0x17,0x1c,0xff,0x17,0x17,0x1c,0xff,0x17,0x17,0x1c,0xff,0x17,0x17,0x1c,0xff,
    0x17,0x17,0x1c,0xff,0x17,0x17,0x1c,0xff,0x17,0x17,0x1c,0xff,0x17,0x17,0x1c,0xff,
    0x17,0x17,0x1c,0xff,0x17,0x17,0x1c,0xff,0x17,0x17,0x1c,0xff,0x17,0x17,0x1c,0xfc,
    0x18,0x18,0x1d,0xfe,0x18,0x18,0x1c,0xf3,0x16,0x16,0x1e,0x22,0x00,0x00,0x00,0x01,
    0x00,0x00,0x00,0x03,0x00,0x00,0x00,0x00,0x16,0x16,0x1d,0x4f,0x18,0x18,0x1d,0xfe,
    0x18,0x18,0x1d,0xff,0x17,0x17,0x1c,0xfb,0x17,0x17,0x1c,0xff,0x17,0x17,0x1c,0xff,
    0x17,0x17,0x1c,0xff,0x17,0x17,0x1c,0xff,0x17,0x17,0x1c,0xff,0x17,0x17,0x1c,0xff,
    0x17,0x17,0x1c,0xff,0x17,0x17,0x1c,0xff,0x17,0x17,0x1c,0xff,0x17,0x17,0x1c,0xff,
    0x17,0x17,0x1c,0xff,0x17,0x17,0x1c,0xff,0x17,0x17,0x1c,0xff,0x17,0x17,0x1c,0xff,
    0x17,0x17,0x1c,0xff,0x17,0x17,0x1c,0xff,0x17,0x17,0x1c,0xff,0x17,0x17,0x1c,0xff,
    0x17,0x17,0x1c,0xff,0x17,0x17,0x1c,0xff,0x17,0x17,0x1c,0xff,0x17,0x17,0x1c,0xff,
    0x17,0x17,0x1c,0xff,0x17,0x17,0x1c,0xff,0x17,0x17,0x1c,0xff,0x17,0x17,0x1c,0xff,
    0x17,0x17,0x1c,0xff,0x17,0x17,0x1c,0xff,0x17,0x17,0x1c,0xff,0x17,0x17,0x1c,0xff,
    0x17,0x17,0x1c,0xff,0x17,0x17,0x1c,0xff,0x17,0x17,0x1c,0xff,0x17,0x17,0x1c,0xff,
    0x17,0x17,0x1c,0xff,0x17,0x17,0x1c,0xff,0x17,0x17,0x1c,0xfb,0x18,0x18,0x1d,0xff,
    0x18,0x18,0x1d,0xfe,0x16,0x16,0x1d,0x4f,0x00,0x00,0x00,0x00,0x00,0x00,0x00,0x03,
    0x00,0x00,0x00,0x00,0x00,0x00,0x00,0x03,0x00,0x00,0x00,0x00,0x16,0x16,0x1c,0x50,
    0x18,0x18,0x1c,0xf1,0x19,0x19,0x1e,0xff,0x17,0x17,0x1c,0xff,0x17,0x17,0x1c,0xfc,
    0x17,0x17,0x1c,0xfe,0x17,0x17,0x1c,0xff,0x17,0x17,0x1c,0xff,0x17,0x17,0x1c,0xff,
    0x17,0x17,0x1c,0xff,0x17,0x17,0x1c,0xff,0x17,0x17,0x1c,0xff,0x17,0x17,0x1c,0xff,
    0x17,0x17,0x1c,0xff,0x17,0x17,0x1c,0xff,0x17,0x17,0x1c,0xff,0x17,0x17,0x1c,0xff,
    0x17,0x17,0x1c,0xff,0x17,0x17,0x1c,0xff,0x17,0x17,0x1c,0xff,0x17,0x17,0x1c,0xff,
    0x17,0x17,0x1c,0xff,0x17,0x17,0x1c,0xff,0x17,0x17,0x1c,0xff,0x17,0x17,0x1c,0xff,
    0x17,0x17,0x1c,0xff,0x17,0x17,0x1c,0xff,0x17,0x17,0x1c,0xff,0x17,0x17,0x1c,0xff,
    0x17,0x17,0x1c,0xff,0x17,0x17,0x1c,0xff,0x17,0x17,0x1c,0xff,0x17,0x17,0x1c,0xff,
    0x17,0x17,0x1c,0xff,0x17,0x17,0x1c,0xff,0x17,0x17,0x1c,0xff,0x17,0x17,0x1c,0xfe,
    0x17,0x17,0x1c,0xfc,0x17,0x17,0x1c,0xff,0x19,0x19,0x1e,0xff,0x18,0x18,0x1c,0xf1,
    0x16,0x16,0x1c,0x50,0x00,0x00,0x00,0x00,0x00,0x00,0x00,0x03,0x00,0x00,0x00,0x00,
    0x00,0x00,0x00,0x00,0x00,0x00,0x00,0x00,0x00,0x00,0x00,0x03,0x00,0x00,0x00,0x00,
    0x14,0x14,0x1a,0x26,0x17,0x17,0x1c,0xac,0x17,0x17,0x1c,0xfb,0x18,0x18,0x1e,0xff,
    0x18,0x18,0x1d,0xff,0x17,0x17,0x1c,0xff,0x17,0x17,0x1c,0xff,0x17,0x17,0x1c,0xff,
    0x17,0x17,0x1c,0xff,0x17,0x17,0x1c,0xff,0x17,0x17,0x1c,0xff,0x17,0x17,0x1c,0xff,
    0x17,0x17,0x1c,0xff,0x17,0x17,0x1c,0xff,0x17,0x17,0x1c,0xff,0x17,0x17,0x1c,0xff,
    0x17,0x17,0x1c,0xff,0x17,0x17,0x1c,0xff,0x17,0x17,0x1c,0xff,0x17,0x17,0x1c,0xff,
    0x17,0x17,0x1c,0xff,0x17,0x17,0x1c,0xff,0x17,0x17,0x1c,0xff,0x17,0x17,0x1c,0xff,
    0x17,0x17,0x1c,0xff,0x17,0x17,0x1c,0xff,0x17,0x17,0x1c,0xff,0x17,0x17,0x1c,0xff,
    0x17,0x17,0x1c,0xff,0x17,0x17,0x1c,0xff,0x17,0x17,0x1c,0xff,0x17,0x17,0x1c,0xff,
    0x17,0x17,0x1c,0xff,0x17,0x17,0x1c,0xff,0x17,0x17,0x1c,0xff,0x18,0x18,0x1d,0xff,
    0x18,0x18,0x1e,0xff,0x17,0x17,0x1c,0xfb,0x17,0x17,0x1c,0xac,0x14,0x14,0x1a,0x26,
    0x00,0x00,0x00,0x00,0x00,0x00,0x00,0x03,0x00,0x00,0x00,0x00,0x00,0x00,0x00,0x00,
    0x00,0x00,0x00,0x00,0x00,0x00,0x00,0x00,0x00,0x00,0x00,0x00,0x00,0x00,0x00,0x03,
    0x00,0x00,0x00,0x00,0x00,0x00,0x00,0x00,0x15,0x15,0x1a,0x3a,0x18,0x18,0x1d,0x94,
    0x18,0x18,0x1c,0xd4,0x16,0x16,0x1c,0xf4,0x17,0x17,0x1c,0xfe,0x17,0x17,0x1c,0xff,
    0x17,0x17,0x1c,0xff,0x17,0x17,0x1c,0xff,0x17,0x17,0x1c,0xff,0x17,0x17,0x1c,0xff,
    0x17,0x17,0x1c,0xff,0x17,0x17,0x1c,0xff,0x17,0x17,0x1c,0xff,0x17,0x17,0x1c,0xff,
    0x17,0x17,0x1c,0xff,0x17,0x17,0x1c,0xff,0x17,0x17,0x1c,0xff,0x17,0x17,0x1c,0xff,
    0x17,0x17,0x1c,0xff,0x17,0x17,0x1c,0xff,0x17,0x17,0x1c,0xff,0x17,0x17,0x1c,0xff,
    0x17,0x17,0x1c,0xff,0x17,0x17,0x1c,0xff,0x17,0x17,0x1c,0xff,0x17,0x17,0x1c,0xff,
    0x17,0x17,0x1c,0xff,0x17,0x17,0x1c,0xff,0x17,0x17,0x1c,0xff,0x17,0x17,0x1c,0xff,
    0x17,0x17,0x1c,0xff,0x17,0x17,0x1c,0xfe,0x16,0x16,0x1c,0xf4,0x18,0x18,0x1c,0xd4,
    0x18,0x18,0x1d,0x94,0x15,0x15,0x1a,0x3a,0x00,0x00,0x00,0x00,0x00,0x00,0x00,0x00,
    0x00,0x00,0x00,0x03,0x00,0x00,0x00,0x00,0x00,0x00,0x00,0x00,0x00,0x00,0x00,0x00,
};

static const unsigned char kIcon64[64 * 64 * 4] = {
    0x00,0x00,0x00,0x00,0x00,0x00,0x00,0x00,0x00,0x00,0x00,0x00,0x00,0x00,0x00,0x00,
    0x00,0x00,0x00,0x00,0x00,0x00,0x00,0x02,0x00,0x00,0x00,0x01,0x00,0x00,0x00,0x00,
    0x00,0x00,0x00,0x01,0x16,0x16,0x1e,0x44,0x18,0x18,0x1b,0x92,0x17,0x17,0x1c,0xcc,
    0x17,0x17,0x1b,0xed,0x17,0x17,0x1c,0xfc,0x17,0x17,0x1c,0xff,0x17,0x17,0x1c,0xff,
    0x17,0x17,0x1c,0xff,0x17,0x17,0x1c,0xff,0x17,0x17,0x1c,0xff,0x17,0x17,0x1c,0xff,
    0x17,0x17,0x1c,0xff,0x17,0x17,0x1c,0xff,0x17,0x17,0x1c,0xff,0x17,0x17,0x1c,0xff,
    0x17,0x17,0x1c,0xff,0x17,0x17,0x1c,0xff,0x17,0x17,0x1c,0xff,0x17,0x17,0x1c,0xff,
    0x17,0x17,0x1c,0xff,0x17,0x17,0x1c,0xff,0x17,0x17,0x1c,0xff,0x17,0x17,0x1c,0xff,
    0x17,0x17,0x1c,0xff,0x17,0x17,0x1c,0xff,0x17,0x17,0x1c,0xff,0x17,0x17,0x1c,0xff,
    0x17,0x17,0x1c,0xff,0x17,0x17,0x1c,0xff,0x17,0x17,0x1c,0xff,0x17,0x17,0x1c,0xff,
    0x17,0x17,0x1c,0xff,0x17,0x17,0x1c,0xff,0x17,0x17,0x1c,0xff,0x17,0x17,0x1c,0xff,
    0x17,0x17,0x1c,0xff,0x17,0x17,0x1c,0xff,0x17,0x17,0x1c,0xff,0x17,0x17,0x1c,0xff,
    0x17,0x17,0x1c,0xff,0x17,0x17,0x1c,0xff,0x17,0x17,0x1c,0xfc,0x17,0x17,0x1b,0xed,
    0x17,0x17,0x1c,0xcc,0x18,0x18,0x1b,0x92,0x16,0x16,0x1e,0x44,0x00,0x00,0x00,0x01,
    0x00,0x00,0x00,0x00,0x00,0x00,0x00,0x01,0x00,0x00,0x00,0x02,0x00,0x00,0x00,0x00,
    0x00,0x00,0x00,0x00,0x00,0x00,0x00,0x00,0x00,0x00,0x00,0x00,0x00,0x00,0x00,0x00,
    0x00,0x00,0x00,0x00,0x00,0x00,0x00,0x00,0x00,0x00,0x00,0x00,0x00,0x00,0x00,0x00,
    0x00,0x00,0x00,0x03,0x00,0x00,0x00,0x00,0x00,0x00,0x00,0x00,0x18,0x18,0x1b,0x5e,
    0x17,0x17,0x1d,0xca,0x18,0x18,0x1d,0xff,0x18,0x18,0x1e,0xff,0x18,0x18,0x1d,0xff,
    0x17,0x17,0x1c,0xff,0x17,0x17,0x1c,0xff,0x17,0x17,0x1c,0xff,0x17,0x17,0x1c,0xff,
    0x17,0x17,0x1c,0xff,0x17,0x17,0x1c,0xff,0x17,0x17,0x1c,0xff,0x17,0x17,0x1c,0xff,
    0x17,0x17,0x1c,0xff,0x17,0x17,0x1c,0xff,0x17,0x17,0x1c,0xff,0x17,0x17,0x1c,0xff,
    0x17,0x17,0x1c,0xff,0x17,0x17,0x1c,0xff,0x17,0x17,0x1c,0xff,0x17,0x17,0x1c,0xff,
    0x17,0x17,0x1c,0xff,0x17,0x17,0x1c,0xff,0x17,0x17,0x1c,0xff,0x17,0x17,0x1c,0xff,
    0x17,0x17,0x1c,0xff,0x17,0x17,0x1c,0xff,0x17,0x17,0x1c,0xff,0x17,0x17,0x1c,0xff,
    0x17,0x17,0x1c,0xff,0x17,0x17,0x1c,0xff,0x17,0x17,0x1c,0xff,0x17,0x17,0x1c,0xff,
    0x17,0x17,0x1c,0xff,0x17,0x17,0x1c,0xff,0x17,0x17,0x1c,0xff,0x17,0x17,0x1c,0xff,
    0x17,0x17,0x1c,0xff,0x17,0x17,0x1c,0xff,0x17,0x17,0x1c,0xff,0x17,0x17,0x1c,0xff,
    0x17,0x17,0x1c,0xff,0x17,0x17,0x1c,0xff,0x17,0x17,0x1c,0xff,0x17,0x17,0x1c,0xff,
    0x18,0x18,0x1d,0xff,0x18,0x18,0x1e,0xff,0x18,0x18,0x1d,0xff,0x17,0x17,0x1d,0xca,
    0x18,0x18,0x1b,0x5e,0x00,0x00,0x00,0x00,0x00,0x00,0x00,0x00,0x00,0x00,0x00,0x03,
    0x00,0x00,0x00,0x00,0x00,0x00,0x00,0x00,0x00,0x00,0x00,0x00,0x00,0x00,0x00,0x00,
    0x00,0x00,0x00,0x00,0x00,0x00,0x00,0x00,0x00,0x00,0x00,0x00,0x00,0x00,0x00,0x04,
    0x00,0x00,0x00,0x00,0x13,0x13,0x1a,0x27,0x18,0x18,0x1d,0xbf,0x19,0x19,0x1e,0xff,
    0x18,0x18,0x1d,0xff,0x17,0x17,0x1c,0xff,0x17,0x17,0x1c,0xfc,0x17,0x17,0x1c,0xfd,
    0x17,0x17,0x1c,0xfe,0x17,0x17,0x1c,0xff,0x17,0x17,0x1c,0xff,0x17,0x17,0x1c,0xff,
    0x17,0x17,0x1c,0xff,0x17,0x17,0x1c,0xff,0x17,0x17,0x1c,0xff,0x17,0x17,0x1c,0xff,
    0x17,0x17,0x1c,0xff,0x17,0x17,0x1c,0xff,0x17,0x17,0x1c,0xff,0x17,0x17,0x1c,0xff,
    0x17,0x17,0x1c,0xff,0x17,0x17,0x1c,0xff,0x17,0x17,0x1c,0xff,0x17,0x17,0x1c,0xff,
    0x17,0x17,0x1c,0xff,0x17,0x17,0x1c,0xff,0x17,0x17,0x1c,0xff,0x17,0x17,0x1c,0xff,
    0x17,0x17,0x1c,0xff,0x17,0x17,0x1c,0xff,0x17,0x17,0x1c,0xff,0x17,0x17,0x1c,0xff,
    0x17,0x17,0x1c,0xff,0x17,0x17,0x1c,0xff,0x17,0x17,0x1c,0xff,0x17,0x17,0x1c,0xff,
    0x17,0x17,0x1c,0xff,0x17,0x17,0x1c,0xff,0x17,0x17,0x1c,0xff,0x17,0x17,0x1c,0xff,
    0x17,0x17,0x1c,0xff,0x17,0x17,0x1c,0xff,0x17,0x17,0x1c,0xff,0x17,0x17,0x1c,0xff,
    0x17,0x17,0x1c,0xff,0x17,0x17,0x1c,0xff,0x17,0x17,0x1c,0xff,0x17,0x17,0x1c,0xfe,
    0x17,0x17,0x1c,0xfd,0x17,0x17,0x1c,0xfc,0x17,0x17,0x1c,0xff,0x18,0x18,0x1d,0xff,
    0x19,0x19,0x1e,0xff,0x18,0x18,0x1d,0xbf,0x13,0x13,0x1a,0x27,0x00,0x00,0x00,0x00,
    0x00,0x00,0x00,0x04,0x00,0x00,0x00,0x00,0x00,0x00,0x00,0x00,0x00,0x00,0x00,0x00,
    0x00,0x00,0x00,0x00,0x00,0x00,0x00,0x00,0x00,0x00,0x00,0x04,0x00,0x00,0x00,0x00,
    0x15,0x15,0x19,0x46,0x17,0x17,0x1c,0xee,0x19,0x19,0x1e,0xff,0x17,0x17,0x1c,0xfb,
    0x17,0x17,0x1c,0xfd,0x17,0x17,0x1c,0xff,0x17,0x17,0x1c,0xff,0x17,0x17,0x1c,0xff,
    0x17,0x17,0x1c,0xff,0x17,0x17,0x1c,0xff,0x17,0x17,0x1c,0xff,0x17,0x17,0x1c,0xff,
    0x17,0x17,0x1c,0xff,0x17,0x17,0x1c,0xff,0x17,0x17,0x1c,0xff,0x17,0x17,0x1c,0xff,
    0x17,0x17,0x1c,0xff,0x17,0x17,0x1c,0xff,0x17,0x17,0x1c,0xff,0x17,0x17,0x1c,0xff,
    0x17,0x17,0x1c,0xff,0x17,0x17,0x1c,0xff,0x17,0x17,0x1c,0xff,0x17,0x17,0x1c,0xff,
    0x17,0x17,0x1c,0xff,0x17,0x17,0x1c,0xff,0x17,0x17,0x1c,0xff,0x17,0x17,0x1c,0xff,
    0x17,0x17,0x1c,0xff,0x17,0x17,0x1c,0xff,0x17,0x17,0x1c,0xff,0x17,0x17,0x1c,0xff,
    0x17,0x17,0x1c,0xff,0x17,0x17,0x1c,0xff,0x17,0x17,0x1c,0xff,0x17,0x17,0x1c,0xff,
    0x17,0x17,0x1c,0xff,0x17,0x17,0x1c,0xff,0x17,0x17,0x1c,0xff,0x17,0x17,0x1c,0xff,
    0x17,0x17,0x1c,0xff,0x17,0x17,0x1c,0xff,0x17,0x17,0x1c,0xff,0x17,0x17,0x1c,0xff,
    0x17,0x17,0x1c,0xff,0x17,0x17,0x1c,0xff,0x17,0x17,0x1c,0xff,0x17,0x17,0x1c,0xff,
    0x17,0x17,0x1c,0xff,0x17,0x17,0x1c,0xff,0x17,0x17,0x1c,0xff,0x17,0x17,0x1c,0xfd,
    0x17,0x17,0x1c,0xfb,0x19,0x19,0x1e,0xff,0x17,0x17,0x1c,0xee,0x15,0x15,0x19,0x46,
    0x00,0x00,0x00,0x00,0x00,0x00,0x00,0x04,0x00,0x00,0x00,0x00,0x00,0x00,0x00,0x00,
    0x00,0x00,0x00,0x00,0x00,0x00,0x00,0x03,0x00,0x00,0x00,0x00,0x16,0x16,0x1a,0x44,
    0x17,0x17,0x1c,0xf9,0x18,0x18,0x1d,0xff,0x17,0x17,0x1c,0xfb,0x17,0x17,0x1c,0xff,
    0x17,0x17,0x1c,0xff,0x17,0x17,0x1c,0xff,0x17,0x17,0x1c,0xff,0x17,0x17,0x1c,0xff,
    0x17,0x17,0x1c,0xff,0x17,0x17,0x1c,0xff,0x17,0x17,0x1c,0xff,0x17,0x17,0x1c,0xff,
    0x17,0x17,0x1c,0xff,0x17,0x17,0x1c,0xff,0x17,0x17,0x1c,0xff,0x17,0x17,0x1c,0xff,
    0x17,0x17,0x1c,0xff,0x17,0x17,0x1c,0xff,0x17,0x17,0x1c,0xff,0x17,0x17,0x1c,0xff,
    0x17,0x17,0x1c,0xff,0x17,0x17,0x1c,0xff,0x17,0x17,0x1c,0xff,0x17,0x17,0x1c,0xff,
    0x17,0x17,0x1c,0xff,0x17,0x17,0x1c,0xff,0x17,0x17,0x1c,0xff,0x17,0x17,0x1c,0xff,
    0x17,0x17,0x1c,0xff,0x17,0x17,0x1c,0xff,0x17,0x17,0x1c,0xff,0x17,0x17,0x1c,0xff,
    0x17,0x17,0x1c,0xff,0x17,0x17,0x1c,0xff,0x17,0x17,0x1c,0xff,0x17,0x17,0x1c,0xff,
    0x17,0x17,0x1c,0xff,0x17,0x17,0x1c,0xff,0x17,0x17,0x1c,0xff,0x17,0x17,0x1c,0xff,
    0x17,0x17,0x1c,0xff,0x17,0x17,0x1c,0xff,0x17,0x17,0x1c,0xff,0x17,0x17,0x1c,0xff,
    0x17,0x17,0x1c,0xff,0x17,0x17,0x1c,0xff,0x17,0x17,0x1c,0xff,0x17,0x17,0x1c,0xff,
    0x17,0x17,0x1c,0xff,0x17,0x17,0x1c,0xff,0x17,0x17,0x1c,0xff,0x17,0x17,0x1c,0xff,
    0x17,0x17,0x1c,0xff,0x17,0x17,0x1c,0xfb,0x18,0x18,0x1d,0xff,0x17,0x17,0x1c,0xf9,
    0x16,0x16,0x1a,0x44,0x00,0x00,0x00,0x00,0x00,0x00,0x00,0x03,0x00,0x00,0x00,0x00,
    0x00,0x00,0x00,0x02,0x00,0x00,0x00,0x01,0x15,0x15,0x1d,0x23,0x17,0x17,0x1c,0xf0,
    0x18,0x18,0x1d,0xff,0x17,0x17,0x1c,0xfc,0x17,0x17,0x1c,0xff,0x17,0x17,0x1c,0xff,
    0x17,0x17,0x1c,0xff,0x17,0x17,0x1c,0xff,0x17,0x17,0x1c,0xff,0x17,0x17,0x1c,0xff,
    0x17,0x17,0x1c,0xff,0x17,0x17,0x1c,0xff,0x17,0x17,0x1c,0xff,0x17,0x17,0x1c,0xff,
    0x17,0x17,0x1c,0xff,0x17,0x17,0x1c,0xff,0x17,0x17,0x1c,0xff,0x17,0x17,0x1c,0xff,
    0x17,0x17,0x1c,0xff,0x17,0x17,0x1c,0xff,0x17,0x17,0x1c,0xff,0x17,0x17,0x1c,0xff,
    0x17,0x17,0x1c,0xff,0x17,0x17,0x1c,0xff,0x17,0x17,0x1c,0xff,0x17,0x17,0x1c,0xff,
    0x17,0x17,0x1c,0xff,0x17,0x17,0x1c,0xff,0x17,0x17,0x1c,0xff,0x17,0x17,0x1c,0xff,
    0x17,0x17,0x1c,0xff,0x17,0x17,0x1c,0xff,0x17,0x17,0x1c,0xff,0x17,0x17,0x1c,0xff,
    0x17,0x17,0x1c,0xff,0x17,0x17,0x1c,0xff,0x17,0x17,0x1c,0xff,0x17,0x17,0x1c,0xff,
    0x17,0x17,0x1c,0xff,0x17,0x17,0x1c,0xff,0x17,0x17,0x1c,0xff,0x17,0x17,0x1c,0xff,
    0x17,0x17,0x1c,0xff,0x17,0x17,0x1c,0xff,0x17,0x17,0x1c,0xff,0x17,0x17,0x1c,0xff,
    0x17,0x17,0x1c,0xff,0x17,0x17,0x1c,0xff,0x17,0x17,0x1c,0xff,0x17,0x17,0x1c,0xff,
    0x17,0x17,0x1c,0xff,0x17,0x17,0x1c,0xff,0x17,0x17,0x1c,0xff,0x17,0x17,0x1c,0xff,
    0x17,0x17,0x1c,0xff,0x17,0x17,0x1c,0xff,0x17,0x17,0x1c,0xfc,0x18,0x18,0x1d,0xff,
    0x17,0x17,0x1c,0xf0,0x15,0x15,0x1d,0x23,0x00,0x00,0x00,0x01,0x00,0x00,0x00,0x02,
    0x00,0x00,0x00,0x03,0x00,0x00,0x00,0x02,0x17,0x17,0x1b,0xc4,0x18,0x18,0x1e,0xff,
    0x17,0x17,0x1c,0xfb,0x17,0x17,0x1c,0xff,0x17,0x17,0x1c,0xff,0x17,0x17,0x1c,0xff,
    0x17,0x17,0x1c,0xff,0x17,0x17,0x1c,0xff,0x17,0x17,0x1c,0xff,0x17,0x17,0x1c,0xff,
    0x17,0x17,0x1c,0xff,0x17,0x17,0x1c,0xff,0x17,0x17,0x1c,0xff,0x17,0x17,0x1c,0xff,
    0x17,0x17,0x1c,0xff,0x17,0x17,0x1c,0xff,0x17,0x17,0x1c,0xff,0x17,0x17,0x1c,0xff,
    0x17,0x17,0x1c,0xff,0x17,0x17,0x1c,0xff,0x17,0x17,0x1c,0xff,0x17,0x17,0x1c,0xff,
    0x17,0x17,0x1c,0xff,0x17,0x17,0x1c,0xff,0x17,0x17,0x1c,0xff,0x17,0x17,0x1c,0xff,
    0x17,0x17,0x1c,0xff,0x17,0x17,0x1c,0xff,0x17,0x17,0x1c,0xff,0x17,0x17,0x1c,0xff,
    0x17,0x17,0x1c,0xff,0x17,0x17,0x1c,0xff,0x17,0x17,0x1c,0xff,0x17,0x17,0x1c,0xff,
    0x17,0x17,0x1c,0xff,0x17,0x17,0x1c,0xff,0x17,0x17,0x1c,0xff,0x17,0x17,0x1c,0xff,
    0x17,0x17,0x1c,0xff,0x17,0x17,0x1c,0xff,0x17,0x17,0x1c,0xff,0x17,0x17,0x1c,0xff,
    0x17,0x17,0x1c,0xff,0x17,0x17,0x1c,0xff,0x17,0x17,0x1c,0xff,0x17,0x17,0x1c,0xff,
    0x17,0x17,0x1c,0xff,0x17,0x17,0x1c,0xff,0x17,0x17,0x1c,0xff,0x17,0x17,0x1c,0xff,
    0x17,0x17,0x1c,0xff,0x17,0x17,0x1c,0xff,0x17,0x17,0x1c,0xff,0x17,0x17,0x1c,0xff,
    0x17,0x17,0x1c,0xff,0x17,0x17,0x1c,0xff,0x17,0x17,0x1c,0xff,0x17,0x17,0x1c,0xfb,
    0x18,0x18,0x1e,0xff,0x17,0x17,0x1b,0xc4,0x00,0x00,0x00,0x02,0x00,0x00,0x00,0x03,
    0x00,0x00,0x00,0x00,0x16,0x16,0x1c,0x5a,0x19,0x19,0x1e,0xff,0x17,0x17,0x1c,0xfb,
    0x17,0x17,0x1c,0xff,0x17,0x17,0x1c,0xff,0x17,0x17,0x1c,0xff,0x17,0x17,0x1c,0xff,
    0x17,0x17,0x1c,0xff,0x17,0x17,0x1c,0xff,0x17,0x17,0x1c,0xff,0x17,0x17,0x1c,0xff,
    0x17,0x17,0x1c,0xff,0x17,0x17,0x1c,0xff,0x17,0x17,0x1c,0xff,0x17,0x17,0x1c,0xff,
    0x17,0x17,0x1c,0xff,0x17,0x17,0x1c,0xff,0x17,0x17,0x1c,0xff,0x17,0x17,0x1c,0xff,
    0x17,0x17,0x1c,0xff,0x17,0x17,0x1c,0xff,0x17,0x17,0x1c,0xff,0x17,0x17,0x1c,0xff,
    0x17,0x17,0x1c,0xff,0x17,0x17,0x1c,0xff,0x17,0x17,0x1c,0xff,0x17,0x17,0x1c,0xff,
    0x17,0x17,0x1c,0xff,0x17,0x17,0x1c,0xff,0x17,0x17,0x1c,0xff,0x17,0x17,0x1c,0xff,
    0x17,0x17,0x1c,0xff,0x17,0x17,0x1c,0xff,0x17,0x17,0x1c,0xff,0x17,0x17,0x1c,0xff,
    0x17,0x17,0x1c,0xff,0x17,0x17,0x1c,0xff,0x17,0x17,0x1c,0xff,0x17,0x17,0x1c,0xff,
    0x17,0x17,0x1c,0xff,0x17,0x17,0x1c,0xff,0x17,0x17,0x1c,0xff,0x17,0x17,0x1c,0xff,
    0x17,0x17,0x1c,0xff,0x17,0x17,0x1c,0xff,0x17,0x17,0x1c,0xff,0x17,0x17,0x1c,0xff,
    0x17,0x17,0x1c,0xff,0x17,0x17,0x1c,0xff,0x17,0x17,0x1c,0xff,0x17,0x17,0x1c,0xff,
    0x17,0x17,0x1c,0xff,0x17,0x17,0x1c,0xff,0x17,0x17,0x1c,0xff,0x17,0x17,0x1c,0xff,
    0x17,0x17,0x1c,0xff,0x17,0x17,0x1c,0xff,0x17,0x17,0x1c,0xff,0x17,0x17,0x1c,0xff,
    0x17,0x17,0x1c,0xfb,0x19,0x19,0x1e,0xff,0x16,0x16,0x1c,0x5a,0x00,0x00,0x00,0x00,
    0x00,0x00,0x00,0x04,0x17,0x17,0x1c,0xd0,0x18,0x18,0x1d,0xfe,0x17,0x17,0x1c,0xfc,
    0x17,0x17,0x1c,0xff,0x17,0x17,0x1c,0xff,0x17,0x17,0x1c,0xff,0x17,0x17,0x1c,0xff,
    0x17,0x17,0x1c,0xff,0x17,0x17,0x1c,0xff,0x17,0x17,0x1c,0xff,0x17,0x17,0x1c,0xff,
    0x17,0x17,0x1c,0xff,0x17,0x17,0x1c,0xff,0x17,0x17,0x1c,0xff,0x17,0x17,0x1c,0xff,
    0x17,0x17,0x1c,0xff,0x17,0x17,0x1c,0xff,0x17,0x17,0x1c,0xff,0x17,0x17,0x1c,0xff,
    0x17,0x17,0x1c,0xff,0x17,0x17,0x1c,0xff,0x17,0x17,0x1c,0xff,0x17,0x17,0x1c,0xff,
    0x17,0x17,0x1c,0xff,0x17,0x17,0x1c,0xff,0x17,0x17,0x1c,0xff,0x17,0x17,0x1c,0xff,
    0x17,0x17,0x1c,0xff,0x17,0x17,0x1c,0xff,0x17,0x17,0x1c,0xff,0x17,0x17,0x1c,0xff,
    0x17,0x17,0x1c,0xff,0x17,0x17,0x1c,0xff,0x17,0x17,0x1c,0xff,0x17,0x17,0x1c,0xff,
    0x17,0x17,0x1c,0xff,0x17,0x17,0x1c,0xff,0x17,0x17,0x1c,0xff,0x17,0x17,0x1c,0xff,
    0x17,0x17,0x1c,0xff,0x17,0x17,0x1c,0xff,0x17,0x17,0x1c,0xff,0x17,0x17,0x1c,0xff,
    0x17,0x17,0x1c,0xff,0x17,0x17,0x1c,0xff,0x17,0x17,0x1c,0xff,0x17,0x17,0x1c,0xff,
    0x17,0x17,0x1c,0xff,0x17,0x17,0x1c,0xff,0x17,0x17,0x1c,0xff,0x17,0x17,0x1c,0xff,
    0x17,0x17,0x1c,0xff,0x17,0x17,0x1c,0xff,0x17,0x17,0x1c,0xff,0x17,0x17,0x1c,0xff,
    0x17,0x17,0x1c,0xff,0x17,0x17,0x1c,0xff,0x17,0x17,0x1c,0xff,0x17,0x17,0x1c,0xff,
    0x17,0x17,0x1c,0xfc,0x18,0x18,0x1d,0xfe,0x17,0x17,0x1c,0xd0,0x00,0x00,0x00,0x04,
    0x17,0x17,0x1b,0x42,0x18,0x18,0x1d,0xff,0x17,0x17,0x1c,0xfe,0x17,0x17,0x1c,0xff,
    0x17,0x17,0x1c,0xff,0x17,0x17,0x1c,0xff,0x17,0x17,0x1c,0xff,0x17,0x17,0x1c,0xff,
    0x17,0x17,0x1c,0xff,0x17,0x17,0x1c,0xff,0x17,0x17,0x1c,0xff,0x17,0x17,0x1c,0xff,
    0x17,0x17,0x1c,0xff,0x17,0x17,0x1c,0xff,0x17,0x17,0x1c,0xff,0x17,0x17,0x1c,0xff,
    0x17,0x17,0x1c,0xff,0x17,0x17,0x1c,0xff,0x17,0x17,0x1c,0xff,0x17,0x17,0x1c,0xff,
    0x17,0x17,0x1c,0xff,0x17,0x17,0x1c,0xff,0x17,0x17,0x1c,0xff,0x17,0x17,0x1c,0xff,
    0x17,0x17,0x1c,0xff,0x17,0x17,0x1c,0xff,0x17,0x17,0x1c,0xff,0x17,0x17,0x1c,0xff,
    0x17,0x17,0x1c,0xff,0x17,0x17,0x1c,0xff,0x17,0x17,0x1c,0xff,0x17,0x17,0x1c,0xff,
    0x17,0x17,0x1c,0xff,0x17,0x17,0x1c,0xff,0x17,0x17,0x1c,0xff,0x17,0x17,0x1c,0xff,
    0x17,0x17,0x1c,0xff,0x17,0x17,0x1c,0xff,0x17,0x17,0x1c,0xff,0x17,0x17,0x1c,0xff,
    0x17,0x17,0x1c,0xff,0x17,0x17,0x1c,0xff,0x17,0x17,0x1c,0xff,0x17,0x17,0x1c,0xff,
    0x17,0x17,0x1c,0xff,0x17,0x17,0x1c,0xff,0x17,0x17,0x1c,0xff,0x17,0x17,0x1c,0xff,
    0x17,0x17,0x1c,0xff,0x17,0x17,0x1c,0xff,0x17,0x17,0x1c,0xff,0x17,0x17,0x1c,0xff,
    0x17,0x17,0x1c,0xff,0x17,0x17,0x1c,0xff,0x17,0x17,0x1c,0xff,0x17,0x17,0x1c,0xff,
    0x17,0x17,0x1c,0xff,0x17,0x17,0x1c,0xff,0x17,0x17,0x1c,0xff,0x17,0x17,0x1c,0xff,
    0x17,0x17,0x1c,0xff,0x17,0x17,0x1c,0xfe,0x18,0x18,0x1d,0xff,0x17,0x17,0x1b,0x42,
    0x16,0x16,0x1b,0x94,0x18,0x18,0x1d,0xff,0x17,0x17,0x1c,0xfc,0x17,0x17,0x1c,0xff,
    0x17,0x17,0x1c,0xff,0x17,0x17,0x1c,0xff,0x17,0x17,0x1c,0xff,0x17,0x17,0x1c,0xff,
    0x17,0x17,0x1c,0xff,0x17,0x17,0x1c,0xff,0x17,0x17,0x1c,0xff,0x17,0x17,0x1c,0xff,
    0x17,0x17,0x1c,0xff,0x17,0x17,0x1c,0xff,0x17,0x17,0x1c,0xff,0x17,0x17,0x1c,0xff,
    0x17,0x17,0x1c,0xff,0x17,0x17,0x1c,0xff,0x17,0x17,0x1c,0xff,0x17,0x17,0x1c,0xff,
    0x17,0x17,0x1c,0xff,0x17,0x17,0x1c,0xff,0x17,0x17,0x1c,0xff,0x17,0x17,0x1c,0xff,
    0x17,0x17,0x1c,0xff,0x17,0x17,0x1c,0xff,0x17,0x17,0x1c,0xff,0x17,0x17,0x1c,0xff,
    0x17,0x17,0x1c,0xff,0x17,0x17,0x1c,0xff,0x17,0x17,0x1c,0xff,0x17,0x17,0x1c,0xff,
    0x17,0x17,0x1c,0xff,0x17,0x17,0x1c,0xff,0x17,0x17,0x1c,0xff,0x17,0x17,0x1c,0xff,
    0x17,0x17,0x1c,0xff,0x17,0x17,0x1c,0xff,0x17,0x17,0x1c,0xff,0x17,0x17,0x1c,0xff,
    0x17,0x17,0x1c,0xff,0x17,0x17,0x1c,0xff,0x17,0x17,0x1c,0xff,0x17,0x17,0x1c,0xff,
    0x17,0x17,0x1c,0xff,0x17,0x17,0x1c,0xff,0x17,0x17,0x1c,0xff,0x17,0x17,0x1c,0xff,
    0x17,0x17,0x1c,0xff,0x17,0x17,0x1c,0xff,0x17,0x17,0x1c,0xff,0x17,0x17,0x1c,0xff,
    0x17,0x17,0x1c,0xff,0x17,0x17,0x1c,0xff,0x17,0x17,0x1c,0xff,0x17,0x17,0x1c,0xff,
    0x17,0x17,0x1c,0xff,0x17,0x17,0x1c,0xff,0x17,0x17,0x1c,0xff,0x17,0x17,0x1c,0xff,
    0x17,0x17,0x1c,0xff,0x17,0x17,0x1c,0xfc,0x18,0x18,0x1d,0xff,0x16,0x16,0x1b,0x94,
    0x17,0x17,0x1c,0xce,0x18,0x18,0x1d,0xff,0x17,0x17,0x1c,0xfd,0x17,0x17,0x1c,0xff,
    0x17,0x17,0x1c,0xff,0x17,0x17,0x1c,0xff,0x17,0x17,0x1c,0xff,0x17,0x17,0x1c,0xff,
    0x17,0x17,0x1c,0xff,0x17,0x17,0x1c,0xff,0x17,0x17,0x1c,0xff,0x17,0x17,0x1c,0xff,
    0x17,0x17,0x1c,0xff,0x17,0x17,0x1c,0xff,0x17,0x17,0x1c,0xff,0x17,0x17,0x1c,0xff,
    0x17,0x17,0x1c,0xff,0x18,0x17,0x1c,0xff,0x1a,0x18,0x1c,0xff,0x19,0x17,0x1c,0xff,
    0x17,0x17,0x1c,0xff,0x17,0x17,0x1c,0xff,0x17,0x17,0x1c,0xff,0x17,0x17,0x1c,0xff,
    0x17,0x17,0x1c,0xff,0x17,0x17,0x1c,0xff,0x17,0x17,0x1c,0xff,0x17,0x17,0x1c,0xff,
    0x17,0x17,0x1c,0xff,0x17,0x17,0x1c,0xff,0x17,0x17,0x1c,0xff,0x17,0x17,0x1c,0xff,
    0x17,0x17,0x1c,0xff,0x17,0x17,0x1c,0xff,0x17,0x17,0x1c,0xff,0x17,0x17,0x1c,0xff,
    0x19,0x18,0x1c,0xff,0x1a,0x18,0x1c,0xff,0x18,0x17,0x1c,0xff,0x17,0x17,0x1c,0xff,
    0x17,0x17,0x1c,0xff,0x17,0x17,0x1c,0xff,0x17,0x17,0x1c,0xff,0x17,0x17,0x1c,0xff,
    0x17,0x17,0x1c,0xff,0x17,0x17,0x1c,0xff,0x17,0x17,0x1c,0xff,0x17,0x17,0x1c,0xff,
    0x17,0x17,0x1c,0xff,0x17,0x17,0x1c,0xff,0x17,0x17,0x1c,0xff,0x17,0x17,0x1c,0xff,
    0x17,0x17,0x1c,0xff,0x17,0x17,0x1c,0xff,0x17,0x17,0x1c,0xff,0x17,0x17,0x1c,0xff,
    0x17,0x17,0x1c,0xff,0x17,0x17,0x1c,0xff,0x17,0x17,0x1c,0xff,0x17,0x17,0x1c,0xff,
    0x17,0x17,0x1c,0xff,0x17,0x17,0x1c,0xfd,0x18,0x18,0x1d,0xff,0x17,0x17,0x1c,0xce,
    0x17,0x17,0x1b,0xef,0x17,0x17,0x1c,0xff,0x17,0x17,0x1c,0xfe,0x17,0x17,0x1c,0xff,
    0x17,0x17,0x1c,0xff,0x17,0x17,0x1c,0xff,0x17,0x17,0x1c,0xff,0x17,0x17,0x1c,0xff,
    0x17,0x18,0x1d,0xff,0x17,0x18,0x1e,0xff,0x17,0x18,0x1e,0xff,0x17,0x19,0x1e,0xff,
    0x17,0x19,0x1e,0xff,0x17,0x19,0x1e,0xff,0x17,0x19,0x1e,0xff,0x17,0x19,0x1e,0xff,
    0x18,0x19,0x1e,0xff,0x11,0x16,0x1c,0xff,0x0c,0x13,0x1a,0xff,0x10,0x16,0x1c,0xff,
    0x18,0x19,0x1e,0xff,0x17,0x19,0x1e,0xff,0x17,0x19,0x1e,0xff,0x18,0x19,0x1e,0xff,
    0x18,0x19,0x1e,0xff,0x18,0x19,0x1d,0xff,0x18,0x1a,0x1d,0xff,0x18,0x1a,0x1d,0xff,
    0x18,0x1a,0x1d,0xff,0x18,0x1a,0x1d,0xff,0x18,0x1a,0x1d,0xff,0x18,0x1a,0x1d,0xff,
    0x18,0x1a,0x1d,0xff,0x18,0x1a,0x1d,0xff,0x19,0x1a,0x1d,0xff,0x18,0x1a,0x1d,0xff,
    0x0d,0x14,0x1b,0xff,0x0c,0x13,0x1b,0xff,0x17,0x19,0x1c,0xff,0x1a,0x1a,0x1d,0xff,
    0x19,0x1a,0x1d,0xff,0x1a,0x1a,0x1d,0xff,0x1a,0x1a,0x1c,0xff,0x1a,0x1a,0x1c,0xff,
    0x1a,0x1a,0x1c,0xff,0x1b,0x1a,0x1c,0xff,0x1a,0x1a,0x1c,0xff,0x17,0x17,0x1c,0xff,
    0x17,0x17,0x1c,0xff,0x17,0x17,0x1c,0xff,0x17,0x17,0x1c,0xff,0x17,0x17,0x1c,0xff,
    0x17,0x17,0x1c,0xff,0x17,0x17,0x1c,0xff,0x17,0x17,0x1c,0xff,0x17,0x17,0x1c,0xff,
    0x17,0x17,0x1c,0xff,0x17,0x17,0x1c,0xff,0x17,0x17,0x1c,0xff,0x17,0x17,0x1c,0xff,
    0x17,0x17,0x1c,0xff,0x17,0x17,0x1c,0xfe,0x17,0x17,0x1c,0xff,0x17,0x17,0x1b,0xef,
    0x17,0x17,0x1c,0xfd,0x17,0x17,0x1c,0xff,0x17,0x17,0x1c,0xff,0x17,0x17,0x1c,0xff,
    0x17,0x17,0x1c,0xff,0x17,0x17,0x1c,0xff,0x17,0x17,0x1c,0xff,0x17,0x17,0x1c,0xff,
    0x16,0x13,0x16,0xff,0x15,0x11,0x14,0xff,0x15,0x11,0x14,0xff,0x15,0x10,0x14,0xff,
    0x16,0x10,0x14,0xff,0x16,0x10,0x14,0xff,0x16,0x0f,0x14,0xff,0x17,0x0f,0x14,0xff,
    0x12,0x0d,0x13,0xff,0x32,0x1b,0x1b,0xff,0x4d,0x2a,0x23,0xff,0x37,0x1d,0x1c,0xff,
    0x12,0x0c,0x13,0xff,0x16,0x0e,0x15,0xff,0x15,0x0d,0x15,0xff,0x15,0x0d,0x15,0xff,
    0x14,0x0c,0x15,0xff,0x14,0x0c,0x15,0xff,0x14,0x0c,0x16,0xff,0x13,0x0c,0x16,0xff,
    0x13,0x0b,0x16,0xff,0x13,0x0b,0x16,0xff,0x13,0x0b,0x16,0xff,0x12,0x0a,0x17,0xff,
    0x12,0x0a,0x17,0xff,0x11,0x0a,0x17,0xff,0x10,0x09,0x17,0xff,0x13,0x0b,0x18,0xff,
    0x47,0x24,0x20,0xff,0x4d,0x28,0x22,0xff,0x1a,0x0f,0x1b,0xff,0x0a,0x08,0x19,0xff,
    0x0c,0x09,0x19,0xff,0x0b,0x09,0x1a,0xff,0x0a,0x09,0x1a,0xff,0x09,0x08,0x1a,0xff,
    0x09,0x08,0x1b,0xff,0x07,0x08,0x1b,0xff,0x0b,0x0b,0x1b,0xff,0x17,0x17,0x1c,0xff,
    0x17,0x17,0x1c,0xff,0x17,0x17,0x1c,0xff,0x17,0x17,0x1c,0xff,0x17,0x17,0x1c,0xff,
    0x17,0x17,0x1c,0xff,0x17,0x17,0x1c,0xff,0x17,0x17,0x1c,0xff,0x17,0x17,0x1c,0xff,
    0x17,0x17,0x1c,0xff,0x17,0x17,0x1c,0xff,0x17,0x17,0x1c,0xff,0x17,0x17,0x1c,0xff,
    0x17,0x17,0x1c,0xff,0x17,0x17,0x1c,0xff,0x17,0x17,0x1c,0xff,0x17,0x17,0x1c,0xfd,
    0x17,0x17,0x1c,0xff,0x17,0x17,0x1c,0xff,0x17,0x17,0x1c,0xff,0x17,0x17,0x1c,0xff,
    0x17,0x17,0x1c,0xff,0x17,0x17,0x1c,0xff,0x17,0x17,0x1c,0xff,0x16,0x15,0x1a,0xff,
    0x1f,0x30,0x3e,0xff,0x23,0x41,0x52,0xff,0x21,0x41,0x4f,0xff,0x21,0x43,0x50,0xff,
    0x20,0x45,0x50,0xff,0x1f,0x47,0x50,0xff,0x1e,0x49,0x50,0xff,0x22,0x4b,0x50,0xff,
    0x0c,0x4c,0x52,0xff,0x95,0x55,0x42,0xff,0xff,0x5c,0x30,0xff,0xac,0x58,0x3e,0xff,
    0x11,0x54,0x4e,0xff,0x25,0x56,0x4b,0xff,0x24,0x58,0x4a,0xff,0x26,0x5a,0x49,0xff,
    0x28,0x5b,0x48,0xff,0x2a,0x5d,0x46,0xff,0x2c,0x5f,0x45,0xff,0x2e,0x61,0x43,0xff,
    0x30,0x63,0x42,0xff,0x32,0x64,0x41,0xff,0x34,0x66,0x40,0xff,0x36,0x68,0x3e,0xff,
    0x38,0x6a,0x3d,0xff,0x3d,0x6b,0x3b,0xff,0x3f,0x6c,0x39,0xff,0x4f,0x6c,0x37,0xff,
    0xf6,0x5d,0x34,0xff,0xff,0x5a,0x34,0xff,0x79,0x6c,0x32,0xff,0x53,0x72,0x2f,0xff,
    0x61,0x72,0x2d,0xff,0x65,0x73,0x2b,0xff,0x6a,0x74,0x2a,0xff,0x6f,0x75,0x28,0xff,
    0x73,0x74,0x25,0xff,0x7e,0x7b,0x24,0xff,0x5d,0x58,0x20,0xff,0x13,0x13,0x1c,0xff,
    0x18,0x17,0x1c,0xff,0x17,0x17,0x1c,0xff,0x17,0x17,0x1c,0xff,0x17,0x17,0x1c,0xff,
    0x17,0x17,0x1c,0xff,0x17,0x17,0x1c,0xff,0x17,0x17,0x1c,0xff,0x17,0x17,0x1c,0xff,
    0x17,0x17,0x1c,0xff,0x17,0x17,0x1c,0xff,0x17,0x17,0x1c,0xff,0x17,0x17,0x1c,0xff,
    0x17,0x17,0x1c,0xff,0x17,0x17,0x1c,0xff,0x17,0x17,0x1c,0xff,0x17,0x17,0x1c,0xff,
    0x17,0x17,0x1c,0xff,0x17,0x17,0x1c,0xff,0x17,0x17,0x1c,0xff,0x17,0x17,0x1c,0xff,
    0x17,0x17,0x1c,0xff,0x17,0x18,0x1d,0xff,0x16,0x13,0x17,0xff,0x1e,0x2a,0x37,0xff,
    0x33,0x6d,0x93,0xff,0x31,0x72,0x93,0xff,0x30,0x76,0x93,0xff,0x2e,0x7c,0x93,0xff,
    0x2b,0x80,0x93,0xff,0x29,0x84,0x93,0xff,0x28,0x8a,0x93,0xff,0x2a,0x8d,0x92,0xff,
    0x14,0x97,0x9a,0xff,0x94,0x77,0x62,0xff,0xfe,0x4f,0x26,0xff,0xab,0x74,0x57,0xff,
    0x1f,0xa8,0x92,0xff,0x34,0xa7,0x87,0xff,0x35,0xac,0x86,0xff,0x39,0xb0,0x83,0xff,
    0x3f,0xb4,0x80,0xff,0x43,0xb8,0x7d,0xff,0x47,0xbc,0x79,0xff,0x4c,0xc0,0x76,0xff,
    0x50,0xc5,0x73,0xff,0x54,0xc8,0x71,0xff,0x58,0xcc,0x6e,0xff,0x5e,0xd1,0x6a,0xff,
    0x62,0xd5,0x67,0xff,0x6d,0xd7,0x63,0xff,0x76,0xdb,0x5f,0xff,0x89,0xd6,0x58,0xff,
    0xf3,0x65,0x36,0xff,0xfe,0x53,0x32,0xff,0xb9,0xc7,0x48,0xff,0xae,0xeb,0x49,0xff,
    0xbe,0xe5,0x44,0xff,0xc9,0xe9,0x3f,0xff,0xd5,0xeb,0x3b,0xff,0xe1,0xee,0x37,0xff,
    0xeb,0xef,0x31,0xff,0xf7,0xf1,0x2d,0xff,0xff,0xf5,0x29,0xff,0x54,0x4e,0x1e,0xff,
    0x0b,0x0c,0x1b,0xff,0x1a,0x19,0x1c,0xff,0x17,0x17,0x1c,0xff,0x17,0x17,0x1c,0xff,
    0x17,0x17,0x1c,0xff,0x17,0x17,0x1c,0xff,0x17,0x17,0x1c,0xff,0x17,0x17,0x1c,0xff,
    0x17,0x17,0x1c,0xff,0x17,0x17,0x1c,0xff,0x17,0x17,0x1c,0xff,0x17,0x17,0x1c,0xff,
    0x17,0x17,0x1c,0xff,0x17,0x17,0x1c,0xff,0x17,0x17,0x1c,0xff,0x17,0x17,0x1c,0xff,
    0x17,0x17,0x1c,0xff,0x17,0x17,0x1c,0xff,0x17,0x17,0x1c,0xff,0x17,0x17,0x1c,0xff,
    0x17,0x17,0x1c,0xff,0x17,0x18,0x1e,0xff,0x15,0x12,0x15,0xff,0x21,0x33,0x44,0xff,
    0x33,0x6d,0x92,0xff,0x2f,0x69,0x87,0xff,0x2e,0x6f,0x89,0xff,0x2c,0x73,0x89,0xff,
    0x2a,0x77,0x89,0xff,0x28,0x7b,0x89,0xff,0x27,0x80,0x89,0xff,0x29,0x83,0x88,0xff,
    0x13,0x8c,0x8f,0xff,0x94,0x72,0x5d,0xff,0xff,0x51,0x27,0xff,0xab,0x70,0x53,0xff,
    0x1d,0x9c,0x88,0xff,0x32,0x9b,0x7e,0xff,0x33,0xa0,0x7d,0xff,0x36,0xa4,0x7a,0xff,
    0x3b,0xa7,0x77,0xff,0x3f,0xab,0x75,0xff,0x43,0xae,0x72,0xff,0x47,0xb2,0x6f,0xff,
    0x4b,0xb6,0x6c,0xff,0x4f,0xb9,0x6a,0xff,0x53,0xbd,0x67,0xff,0x58,0xc1,0x64,0xff,
    0x5c,0xc5,0x61,0xff,0x66,0xc7,0x5d,0xff,0x6e,0xcb,0x59,0xff,0x80,0xc6,0x53,0xff,
    0xf4,0x64,0x36,0xff,0xff,0x54,0x32,0xff,0xaf,0xb9,0x44,0xff,0xa1,0xd9,0x45,0xff,
    0xb0,0xd4,0x40,0xff,0xba,0xd8,0x3c,0xff,0xc5,0xda,0x39,0xff,0xd0,0xdc,0x35,0xff,
    0xda,0xde,0x30,0xff,0xe1,0xdc,0x2c,0xff,0xfe,0xf1,0x29,0xff,0x71,0x68,0x1f,0xff,
    0x07,0x08,0x1b,0xff,0x1a,0x1a,0x1c,0xff,0x17,0x17,0x1c,0xff,0x17,0x17,0x1c,0xff,
    0x17,0x17,0x1c,0xff,0x17,0x17,0x1c,0xff,0x17,0x17,0x1c,0xff,0x17,0x17,0x1c,0xff,
    0x17,0x17,0x1c,0xff,0x17,0x17,0x1c,0xff,0x17,0x17,0x1c,0xff,0x17,0x17,0x1c,0xff,
    0x17,0x17,0x1c,0xff,0x17,0x17,0x1c,0xff,0x17,0x17,0x1c,0xff,0x17,0x17,0x1c,0xff,
    0x17,0x17,0x1c,0xff,0x17,0x17,0x1c,0xff,0x17,0x17,0x1c,0xff,0x17,0x17,0x1c,0xff,
    0x17,0x17,0x1c,0xff,0x17,0x18,0x1e,0xff,0x15,0x12,0x15,0xff,0x21,0x32,0x42,0xff,
    0x33,0x6d,0x92,0xff,0x2f,0x6b,0x89,0xff,0x2e,0x70,0x8b,0xff,0x2c,0x75,0x8b,0xff,
    0x2a,0x79,0x8b,0xff,0x28,0x7d,0x8b,0xff,0x27,0x82,0x8b,0xff,0x29,0x85,0x8a,0xff,
    0x13,0x8e,0x91,0xff,0x94,0x73,0x5e,0xff,0xff,0x51,0x27,0xff,0xab,0x71,0x54,0xff,
    0x1d,0x9e,0x8a,0xff,0x32,0x9d,0x80,0xff,0x33,0xa2,0x7f,0xff,0x37,0xa6,0x7c,0xff,
    0x3c,0xa9,0x79,0xff,0x40,0xad,0x76,0xff,0x44,0xb1,0x73,0xff,0x48,0xb5,0x70,0xff,
    0x4c,0xb9,0x6d,0xff,0x50,0xbc,0x6b,0xff,0x54,0xc0,0x68,0xff,0x59,0xc4,0x65,0xff,
    0x5d,0xc8,0x62,0xff,0x67,0xca,0x5e,0xff,0x6f,0xce,0x5a,0xff,0x82,0xc9,0x54,0xff,
    0xf4,0x64,0x36,0xff,0xff,0x54,0x32,0xff,0xb1,0xbc,0x45,0xff,0xa3,0xdc,0x46,0xff,
    0xb3,0xd7,0x41,0xff,0xbd,0xdb,0x3d,0xff,0xc8,0xdd,0x39,0xff,0xd3,0xdf,0x35,0xff,
    0xdd,0xe1,0x30,0xff,0xe5,0xe0,0x2c,0xff,0xff,0xf2,0x29,0xff,0x6c,0x64,0x1f,0xff,
    0x08,0x09,0x1b,0xff,0x1a,0x1a,0x1c,0xff,0x17,0x17,0x1c,0xff,0x17,0x17,0x1c,0xff,
    0x17,0x17,0x1c,0xff,0x17,0x17,0x1c,0xff,0x17,0x17,0x1c,0xff,0x17,0x17,0x1c,0xff,
    0x17,0x17,0x1c,0xff,0x17,0x17,0x1c,0xff,0x17,0x17,0x1c,0xff,0x17,0x17,0x1c,0xff,
    0x17,0x17,0x1c,0xff,0x17,0x17,0x1c,0xff,0x17,0x17,0x1c,0xff,0x17,0x17,0x1c,0xff,
    0x17,0x17,0x1c,0xff,0x17,0x17,0x1c,0xff,0x17,0x17,0x1c,0xff,0x17,0x17,0x1c,0xff,
    0x17,0x17,0x1c,0xff,0x17,0x18,0x1e,0xff,0x15,0x12,0x15,0xff,0x21,0x32,0x42,0xff,
    0x33,0x6d,0x92,0xff,0x2f,0x6b,0x89,0xff,0x2e,0x70,0x8b,0xff,0x2c,0x75,0x8b,0xff,
    0x2a,0x79,0x8b,0xff,0x28,0x7d,0x8b,0xff,0x27,0x82,0x8b,0xff,0x29,0x85,0x8a,0xff,
    0x13,0x8e,0x91,0xff,0x94,0x73,0x5e,0xff,0xff,0x51,0x27,0xff,0xab,0x71,0x54,0xff,
    0x1d,0x9e,0x8a,0xff,0x32,0x9d,0x80,0xff,0x33,0xa2,0x7f,0xff,0x37,0xa6,0x7c,0xff,
    0x3c,0xa9,0x79,0xff,0x40,0xad,0x76,0xff,0x44,0xb1,0x73,0xff,0x48,0xb5,0x70,0xff,
    0x4c,0xb9,0x6d,0xff,0x50,0xbc,0x6b,0xff,0x54,0xc0,0x68,0xff,0x59,0xc4,0x65,0xff,
    0x5d,0xc8,0x62,0xff,0x67,0xca,0x5e,0xff,0x6f,0xce,0x5a,0xff,0x82,0xc9,0x54,0xff,
    0xf4,0x64,0x36,0xff,0xff,0x54,0x32,0xff,0xb1,0xbc,0x45,0xff,0xa3,0xdc,0x46,0xff,
    0xb3,0xd7,0x41,0xff,0xbd,0xdb,0x3d,0xff,0xc8,0xdd,0x39,0xff,0xd3,0xdf,0x35,0xff,
    0xdd,0xe1,0x30,0xff,0xe5,0xe0,0x2c,0xff,0xff,0xf2,0x29,0xff,0x6d,0x65,0x1f,0xff,
    0x08,0x09,0x1b,0xff,0x1a,0x1a,0x1c,0xff,0x17,0x17,0x1c,0xff,0x17,0x17,0x1c,0xff,
    0x17,0x17,0x1c,0xff,0x17,0x17,0x1c,0xff,0x17,0x17,0x1c,0xff,0x17,0x17,0x1c,0xff,
    0x17,0x17,0x1c,0xff,0x17,0x17,0x1c,0xff,0x17,0x17,0x1c,0xff,0x17,0x17,0x1c,0xff,
    0x17,0x17,0x1c,0xff,0x17,0x17,0x1c,0xff,0x17,0x17,0x1c,0xff,0x17,0x17,0x1c,0xff,
    0x17,0x17,0x1c,0xff,0x17,0x17,0x1c,0xff,0x17,0x17,0x1c,0xff,0x17,0x17,0x1c,0xff,
    0x17,0x17,0x1c,0xff,0x17,0x18,0x1e,0xff,0x15,0x12,0x15,0xff,0x21,0x32,0x42,0xff,
    0x33,0x6d,0x92,0xff,0x2f,0x6b,0x89,0xff,0x2e,0x70,0x8b,0xff,0x2c,0x75,0x8b,0xff,
    0x2a,0x79,0x8b,0xff,0x28,0x7d,0x8b,0xff,0x27,0x82,0x8b,0xff,0x29,0x85,0x8a,0xff,
    0x13,0x8e,0x91,0xff,0x94,0x73,0x5e,0xff,0xff,0x51,0x27,0xff,0xab,0x71,0x54,0xff,
    0x1d,0x9e,0x8a,0xff,0x32,0x9d,0x80,0xff,0x33,0xa2,0x7f,0xff,0x37,0xa6,0x7c,0xff,
    0x3c,0xa9,0x79,0xff,0x40,0xad,0x76,0xff,0x44,0xb1,0x73,0xff,0x48,0xb5,0x70,0xff,
    0x4c,0xb9,0x6d,0xff,0x50,0xbc,0x6b,0xff,0x54,0xc0,0x68,0xff,0x59,0xc4,0x65,0xff,
    0x5d,0xc8,0x62,0xff,0x67,0xca,0x5e,0xff,0x6f,0xce,0x5a,0xff,0x82,0xc9,0x54,0xff,
    0xf4,0x64,0x36,0xff,0xff,0x54,0x32,0xff,0xb1,0xbc,0x45,0xff,0xa3,0xdc,0x46,0xff,
    0xb3,0xd7,0x41,0xff,0xbd,0xdb,0x3d,0xff,0xc8,0xdd,0x39,0xff,0xd3,0xdf,0x35,0xff,
    0xdd,0xe1,0x30,0xff,0xe5,0xe0,0x2c,0xff,0xff,0xf2,0x29,0xff,0x6d,0x65,0x1f,0xff,
    0x08,0x09,0x1b,0xff,0x1a,0x1a,0x1c,0xff,0x17,0x17,0x1c,0xff,0x17,0x17,0x1c,0xff,
    0x17,0x17,0x1c,0xff,0x17,0x17,0x1c,0xff,0x17,0x17,0x1c,0xff,0x17,0x17,0x1c,0xff,
    0x17,0x17,0x1c,0xff,0x17,0x17,0x1c,0xff,0x17,0x17,0x1c,0xff,0x17,0x17,0x1c,0xff,
    0x17,0x17,0x1c,0xff,0x17,0x17,0x1c,0xff,0x17,0x17,0x1c,0xff,0x17,0x17,0x1c,0xff,
    0x17,0x17,0x1c,0xff,0x17,0x17,0x1c,0xff,0x17,0x17,0x1c,0xff,0x17,0x17,0x1c,0xff,
    0x17,0x17,0x1c,0xff,0x17,0x18,0x1e,0xff,0x15,0x12,0x15,0xff,0x21,0x32,0x42,0xff,
    0x33,0x6d,0x92,0xff,0x2f,0x6b,0x89,0xff,0x2e,0x70,0x8b,0xff,0x2c,0x75,0x8b,0xff,
    0x2a,0x79,0x8b,0xff,0x28,0x7d,0x8b,0xff,0x27,0x82,0x8b,0xff,0x29,0x85,0x8a,0xff,
    0x13,0x8e,0x91,0xff,0x94,0x73,0x5e,0xff,0xff,0x51,0x27,0xff,0xab,0x71,0x54,0xff,
    0x1d,0x9e,0x8a,0xff,0x32,0x9d,0x80,0xff,0x33,0xa2,0x7f,0xff,0x37,0xa6,0x7c,0xff,
    0x3c,0xa9,0x79,0xff,0x40,0xad,0x76,0xff,0x44,0xb1,0x73,0xff,0x48,0xb5,0x70,0xff,
    0x4c,0xb9,0x6d,0xff,0x50,0xbc,0x6b,0xff,0x54,0xc0,0x68,0xff,0x59,0xc4,0x65,0xff,
    0x5d,0xc8,0x62,0xff,0x67,0xca,0x5e,0xff,0x6f,0xce,0x5a,0xff,0x82,0xc9,0x54,0xff,
    0xf4,0x64,0x36,0xff,0xff,0x54,0x32,0xff,0xb1,0xbc,0x45,0xff,0xa3,0xdc,0x46,0xff,
    0xb3,0xd7,0x41,0xff,0xbd,0xdb,0x3d,0xff,0xc8,0xdd,0x39,0xff,0xd3,0xdf,0x35,0xff,
    0xdd,0xe1,0x30,0xff,0xe5,0xe0,0x2c,0xff,0xff,0xf2,0x29,0xff,0x6d,0x65,0x1f,0xff,
    0x08,0x09,0x1b,0xff,0x1a,0x1a,0x1c,0xff,0x17,0x17,0x1c,0xff,0x17,0x17,0x1c,0xff,
    0x17,0x17,0x1c,0xff,0x17,0x17,0x1c,0xff,0x17,0x17,0x1c,0xff,0x17,0x17,0x1c,0xff,
    0x17,0x17,0x1c,0xff,0x17,0x17,0x1c,0xff,0x17,0x17,0x1c,0xff,0x17,0x17,0x1c,0xff,
    0x17,0x17,0x1c,0xff,0x17,0x17,0x1c,0xff,0x17,0x17,0x1c,0xff,0x17,0x17,0x1c,0xff,
    0x17,0x17,0x1c,0xff,0x17,0x17,0x1c,0xff,0x17,0x17,0x1c,0xff,0x17,0x17,0x1c,0xff,
    0x17,0x17,0x1c,0xff,0x17,0x18,0x1e,0xff,0x15,0x12,0x15,0xff,0x21,0x32,0x42,0xff,
    0x33,0x6d,0x92,0xff,0x2f,0x6b,0x89,0xff,0x2e,0x70,0x8b,0xff,0x2c,0x75,0x8b,0xff,
    0x2a,0x79,0x8b,0xff,0x28,0x7d,0x8b,0xff,0x27,0x82,0x8b,0xff,0x29,0x85,0x8a,0xff,
    0x13,0x8e,0x91,0xff,0x94,0x73,0x5e,0xff,0xff,0x51,0x27,0xff,0xab,0x71,0x54,0xff,
    0x1d,0x9e,0x8a,0xff,0x32,0x9d,0x80,0xff,0x33,0xa2,0x7f,0xff,0x37,0xa6,0x7c,0xff,
    0x3c,0xa9,0x79,0xff,0x40,0xad,0x76,0xff,0x44,0xb1,0x73,0xff,0x48,0xb5,0x70,0xff,
    0x4c,0xb9,0x6d,0xff,0x50,0xbc,0x6b,0xff,0x54,0xc0,0x68,0xff,0x59,0xc4,0x65,0xff,
    0x5d,0xc8,0x62,0xff,0x67,0xca,0x5e,0xff,0x6f,0xce,0x5a,0xff,0x82,0xc9,0x54,0xff,
    0xf4,0x64,0x36,0xff,0xff,0x54,0x32,0xff,0xb1,0xbc,0x45,0xff,0xa3,0xdc,0x46,0xff,
    0xb3,0xd7,0x41,0xff,0xbd,0xdb,0x3d,0xff,0xc8,0xdd,0x39,0xff,0xd3,0xdf,0x35,0xff,
    0xdd,0xe1,0x30,0xff,0xe5,0xe0,0x2c,0xff,0xff,0xf2,0x29,0xff,0x6d,0x65,0x1f,0xff,
    0x08,0x09,0x1b,0xff,0x1a,0x1a,0x1c,0xff,0x17,0x17,0x1c,0xff,0x17,0x17,0x1c,0xff,
    0x17,0x17,0x1c,0xff,0x17,0x17,0x1c,0xff,0x17,0x17,0x1c,0xff,0x17,0x17,0x1c,0xff,
    0x17,0x17,0x1c,0xff,0x17,0x17,0x1c,0xff,0x17,0x17,0x1c,0xff,0x17,0x17,0x1c,0xff,
    0x17,0x17,0x1c,0xff,0x17,0x17,0x1c,0xff,0x17,0x17,0x1c,0xff,0x17,0x17,0x1c,0xff,
    0x17,0x17,0x1c,0xff,0x17,0x17,0x1c,0xff,0x17,0x17,0x1c,0xff,0x17,0x17,0x1c,0xff,
    0x17,0x17,0x1c,0xff,0x17,0x18,0x1e,0xff,0x15,0x12,0x15,0xff,0x21,0x32,0x42,0xff,
    0x33,0x6d,0x92,0xff,0x2f,0x6b,0x89,0xff,0x2e,0x70,0x8b,0xff,0x2c,0x75,0x8b,0xff,
    0x2a,0x79,0x8b,0xff,0x28,0x7d,0x8b,0xff,0x27,0x82,0x8b,0xff,0x29,0x85,0x8a,0xff,
    0x13,0x8e,0x91,0xff,0x94,0x73,0x5e,0xff,0xff,0x51,0x27,0xff,0xab,0x71,0x54,0xff,
    0x1d,0x9e,0x8a,0xff,0x32,0x9d,0x80,0xff,0x33,0xa2,0x7f,0xff,0x37,0xa6,0x7c,0xff,
    0x3c,0xa9,0x79,0xff,0x40,0xad,0x76,0xff,0x44,0xb1,0x73,0xff,0x48,0xb5,0x70,0xff,
    0x4c,0xb9,0x6d,0xff,0x50,0xbc,0x6b,0xff,0x54,0xc0,0x68,0xff,0x59,0xc4,0x65,0xff,
    0x5d,0xc8,0x62,0xff,0x67,0xca,0x5e,0xff,0x6f,0xce,0x5a,0xff,0x82,0xc9,0x54,0xff,
    0xf4,0x64,0x36,0xff,0xff,0x54,0x32,0xff,0xb1,0xbc,0x45,0xff,0xa3,0xdc,0x46,0xff,
    0xb3,0xd7,0x41,0xff,0xbd,0xdb,0x3d,0xff,0xc8,0xdd,0x39,0xff,0xd3,0xdf,0x35,0xff,
    0xdd,0xe1,0x30,0xff,0xe5,0xe0,0x2c,0xff,0xff,0xf2,0x29,0xff,0x6d,0x65,0x1f,0xff,
    0x08,0x09,0x1b,0xff,0x1a,0x1a,0x1c,0xff,0x17,0x17,0x1c,0xff,0x17,0x17,0x1c,0xff,
    0x17,0x17,0x1c,0xff,0x17,0x17,0x1c,0xff,0x17,0x17,0x1c,0xff,0x17,0x17,0x1c,0xff,
    0x17,0x17,0x1c,0xff,0x17,0x17,0x1c,0xff,0x17,0x17,0x1c,0xff,0x17,0x17,0x1c,0xff,
    0x17,0x17,0x1c,0xff,0x17,0x17,0x1c,0xff,0x17,0x17,0x1c,0xff,0x17,0x17,0x1c,0xff,
    0x17,0x17,0x1c,0xff,0x17,0x17,0x1c,0xff,0x17,0x17,0x1c,0xff,0x17,0x17,0x1c,0xff,
    0x17,0x17,0x1c,0xff,0x17,0x18,0x1e,0xff,0x15,0x12,0x15,0xff,0x21,0x32,0x42,0xff,
    0x33,0x6d,0x92,0xff,0x2f,0x6b,0x89,0xff,0x2e,0x70,0x8b,0xff,0x2c,0x75,0x8b,0xff,
    0x2a,0x79,0x8b,0xff,0x28,0x7d,0x8b,0xff,0x27,0x82,0x8b,0xff,0x29,0x85,0x8a,0xff,
    0x13,0x8e,0x91,0xff,0x94,0x73,0x5e,0xff,0xff,0x51,0x27,0xff,0xab,0x71,0x54,0xff,
    0x1d,0x9e,0x8a,0xff,0x32,0x9d,0x80,0xff,0x33,0xa2,0x7f,0xff,0x37,0xa6,0x7c,0xff,
    0x3c,0xa9,0x79,0xff,0x40,0xad,0x76,0xff,0x44,0xb1,0x73,0xff,0x48,0xb5,0x70,0xff,
    0x4c,0xb9,0x6d,0xff,0x50,0xbc,0x6b,0xff,0x54,0xc0,0x68,0xff,0x59,0xc4,0x65,0xff,
    0x5d,0xc8,0x62,0xff,0x67,0xca,0x5e,0xff,0x6f,0xce,0x5a,0xff,0x82,0xc9,0x54,0xff,
    0xf4,0x64,0x36,0xff,0xff,0x54,0x32,0xff,0xb1,0xbc,0x45,0xff,0xa3,0xdc,0x46,0xff,
    0xb3,0xd7,0x41,0xff,0xbd,0xdb,0x3d,0xff,0xc8,0xdd,0x39,0xff,0xd3,0xdf,0x35,0xff,
    0xdd,0xe1,0x30,0xff,0xe5,0xe0,0x2c,0xff,0xff,0xf2,0x29,0xff,0x6d,0x65,0x1f,0xff,
    0x08,0x09,0x1b,0xff,0x1a,0x1a,0x1c,0xff,0x17,0x17,0x1c,0xff,0x17,0x17,0x1c,0xff,
    0x17,0x17,0x1c,0xff,0x17,0x17,0x1c,0xff,0x17,0x17,0x1c,0xff,0x17,0x17,0x1c,0xff,
    0x17,0x17,0x1c,0xff,0x17,0x17,0x1c,0xff,0x17,0x17,0x1c,0xff,0x17,0x17,0x1c,0xff,
    0x17,0x17,0x1c,0xff,0x17,0x17,0x1c,0xff,0x17,0x17,0x1c,0xff,0x17,0x17,0x1c,0xff,
    0x17,0x17,0x1c,0xff,0x17,0x17,0x1c,0xff,0x17,0x17,0x1c,0xff,0x17,0x17,0x1c,0xff,
    0x17,0x17,0x1c,0xff,0x17,0x18,0x1e,0xff,0x15,0x12,0x15,0xff,0x21,0x32,0x42,0xff,
    0x33,0x6c,0x91,0xff,0x2f,0x6b,0x89,0xff,0x2e,0x70,0x8b,0xff,0x2c,0x75,0x8b,0xff,
    0x2a,0x79,0x8b,0xff,0x28,0x7d,0x8b,0xff,0x27,0x82,0x8b,0xff,0x29,0x85,0x8a,0xff,
    0x13,0x8e,0x91,0xff,0x94,0x73,0x5e,0xff,0xff,0x51,0x27,0xff,0xab,0x71,0x54,0xff,
    0x1d,0x9e,0x8a,0xff,0x32,0x9d,0x80,0xff,0x33,0xa2,0x7f,0xff,0x37,0xa6,0x7c,0xff,
    0x3c,0xa9,0x79,0xff,0x40,0xad,0x76,0xff,0x44,0xb1,0x73,0xff,0x48,0xb5,0x70,0xff,
    0x4c,0xb8,0x6d,0xff,0x50,0xbb,0x6b,0xff,0x54,0xbf,0x68,0xff,0x59,0xc3,0x65,0xff,
    0x5d,0xc7,0x62,0xff,0x67,0xc9,0x5e,0xff,0x6f,0xcd,0x5a,0xff,0x82,0xc8,0x54,0xff,
    0xf4,0x64,0x36,0xff,0xff,0x54,0x32,0xff,0xb1,0xbc,0x45,0xff,0xa3,0xdb,0x46,0xff,
    0xb3,0xd6,0x41,0xff,0xbc,0xda,0x3d,0xff,0xc7,0xdc,0x39,0xff,0xd2,0xde,0x35,0xff,
    0xdc,0xe0,0x30,0xff,0xe4,0xe0,0x2c,0xff,0xfd,0xf0,0x29,0xff,0x6c,0x65,0x1f,0xff,
    0x08,0x09,0x1b,0xff,0x1a,0x1a,0x1c,0xff,0x17,0x17,0x1c,0xff,0x17,0x17,0x1c,0xff,
    0x17,0x17,0x1c,0xff,0x17,0x17,0x1c,0xff,0x17,0x17,0x1c,0xff,0x17,0x17,0x1c,0xff,
    0x17,0x17,0x1c,0xff,0x17,0x17,0x1c,0xff,0x17,0x17,0x1c,0xff,0x17,0x17,0x1c,0xff,
    0x17,0x17,0x1c,0xff,0x17,0x17,0x1c,0xff,0x17,0x17,0x1c,0xff,0x17,0x17,0x1c,0xff,
    0x17,0x17,0x1c,0xff,0x17,0x17,0x1c,0xff,0x17,0x17,0x1c,0xff,0x17,0x17,0x1c,0xff,
    0x17,0x17,0x1c,0xff,0x17,0x18,0x1e,0xff,0x15,0x12,0x15,0xff,0x21,0x33,0x43,0xff,
    0x34,0x70,0x96,0xff,0x2f,0x6c,0x8a,0xff,0x2e,0x71,0x8c,0xff,0x2c,0x76,0x8c,0xff,
    0x2a,0x7a,0x8c,0xff,0x28,0x7e,0x8c,0xff,0x27,0x83,0x8c,0xff,0x29,0x86,0x8b,0xff,
    0x13,0x8f,0x92,0xff,0x94,0x74,0x5e,0xff,0xff,0x51,0x27,0xff,0xac,0x72,0x54,0xff,
    0x1e,0x9f,0x8b,0xff,0x32,0x9e,0x81,0xff,0x33,0xa3,0x80,0xff,0x37,0xa7,0x7d,0xff,
    0x3c,0xaa,0x7a,0xff,0x40,0xae,0x77,0xff,0x44,0xb2,0x74,0xff,0x48,0xb6,0x71,0xff,
    0x4c,0xbb,0x6e,0xff,0x51,0xbe,0x6c,0xff,0x55,0xc2,0x69,0xff,0x5a,0xc6,0x66,0xff,
    0x5e,0xca,0x63,0xff,0x68,0xcc,0x5f,0xff,0x70,0xd0,0x5b,0xff,0x83,0xcb,0x55,0xff,
    0xf4,0x64,0x36,0xff,0xff,0x54,0x32,0xff,0xb4,0xbe,0x45,0xff,0xa4,0xde,0x46,0xff,
    0xb4,0xd9,0x41,0xff,0xbf,0xdd,0x3d,0xff,0xca,0xdf,0x39,0xff,0xd5,0xe1,0x35,0xff,
    0xdf,0xe3,0x30,0xff,0xe6,0xe1,0x2c,0xff,0xff,0xf9,0x29,0xff,0x70,0x67,0x1f,0xff,
    0x07,0x08,0x1b,0xff,0x1a,0x1a,0x1c,0xff,0x17,0x17,0x1c,0xff,0x17,0x17,0x1c,0xff,
    0x17,0x17,0x1c,0xff,0x17,0x17,0x1c,0xff,0x17,0x17,0x1c,0xff,0x17,0x17,0x1c,0xff,
    0x17,0x17,0x1c,0xff,0x17,0x17,0x1c,0xff,0x17,0x17,0x1c,0xff,0x17,0x17,0x1c,0xff,
    0x17,0x17,0x1c,0xff,0x17,0x17,0x1c,0xff,0x17,0x17,0x1c,0xff,0x17,0x17,0x1c,0xff,
    0x17,0x17,0x1c,0xff,0x17,0x17,0x1c,0xff,0x17,0x17,0x1c,0xff,0x17,0x17,0x1c,0xff,
    0x17,0x17,0x1c,0xff,0x17,0x17,0x1d,0xff,0x16,0x15,0x1a,0xff,0x1a,0x1f,0x28,0xff,
    0x2d,0x5c,0x7a,0xff,0x2f,0x6b,0x89,0xff,0x2d,0x6d,0x87,0xff,0x2b,0x72,0x87,0xff,
    0x29,0x76,0x87,0xff,0x27,0x7a,0x87,0xff,0x26,0x7e,0x87,0xff,0x28,0x81,0x86,0xff,
    0x13,0x8a,0x8d,0xff,0x93,0x71,0x5c,0xff,0xff,0x52,0x27,0xff,0xa7,0x6e,0x52,0xff,
    0x1c,0x9a,0x86,0xff,0x31,0x99,0x7d,0xff,0x32,0x9d,0x7c,0xff,0x36,0xa1,0x79,0xff,
    0x3b,0xa4,0x76,0xff,0x3f,0xa8,0x73,0xff,0x43,0xac,0x70,0xff,0x46,0xb0,0x6d,0xff,
    0x4a,0xb4,0x6a,0xff,0x4e,0xb7,0x68,0xff,0x52,0xba,0x66,0xff,0x57,0xbe,0x63,0xff,
    0x5b,0xc2,0x60,0xff,0x64,0xc4,0x5c,0xff,0x6c,0xc8,0x58,0xff,0x7f,0xc3,0x52,0xff,
    0xf2,0x63,0x36,0xff,0xff,0x54,0x32,0xff,0xa7,0xb5,0x43,0xff,0xa0,0xd6,0x45,0xff,
    0xae,0xd1,0x40,0xff,0xb8,0xd5,0x3c,0xff,0xc2,0xd7,0x38,0xff,0xcd,0xd8,0x34,0xff,
    0xd6,0xd9,0x2f,0xff,0xe5,0xdf,0x2c,0xff,0xd6,0xca,0x26,0xff,0x34,0x31,0x1d,0xff,
    0x11,0x12,0x1c,0xff,0x18,0x18,0x1c,0xff,0x17,0x17,0x1c,0xff,0x17,0x17,0x1c,0xff,
    0x17,0x17,0x1c,0xff,0x17,0x17,0x1c,0xff,0x17,0x17,0x1c,0xff,0x17,0x17,0x1c,0xff,
    0x17,0x17,0x1c,0xff,0x17,0x17,0x1c,0xff,0x17,0x17,0x1c,0xff,0x17,0x17,0x1c,0xff,
    0x17,0x17,0x1c,0xff,0x17,0x17,0x1c,0xff,0x17,0x17,0x1c,0xff,0x17,0x17,0x1c,0xff,
    0x17,0x17,0x1c,0xff,0x17,0x17,0x1c,0xff,0x17,0x17,0x1c,0xff,0x17,0x17,0x1c,0xff,
    0x17,0x17,0x1c,0xff,0x17,0x17,0x1c,0xff,0x17,0x17,0x1d,0xff,0x16,0x15,0x19,0xff,
    0x18,0x19,0x1f,0xff,0x1a,0x21,0x29,0xff,0x19,0x21,0x28,0xff,0x19,0x21,0x28,0xff,
    0x19,0x22,0x28,0xff,0x19,0x22,0x28,0xff,0x19,0x23,0x28,0xff,0x1d,0x24,0x28,0xff,
    0x07,0x1f,0x27,0xff,0x93,0x40,0x2e,0xff,0xff,0x60,0x34,0xff,0xb9,0x4a,0x30,0xff,
    0x0b,0x22,0x27,0xff,0x1d,0x26,0x27,0xff,0x1a,0x26,0x27,0xff,0x1b,0x27,0x26,0xff,
    0x1b,0x27,0x26,0xff,0x1b,0x27,0x26,0xff,0x1c,0x28,0x25,0xff,0x1c,0x28,0x25,0xff,
    0x1d,0x29,0x25,0xff,0x1d,0x29,0x25,0xff,0x1e,0x29,0x24,0xff,0x1e,0x2a,0x24,0xff,
    0x1f,0x2a,0x24,0xff,0x21,0x2a,0x23,0xff,0x1e,0x2a,0x23,0xff,0x2d,0x2d,0x23,0xff,
    0xef,0x56,0x32,0xff,0xfd,0x5c,0x34,0xff,0x78,0x3f,0x28,0xff,0x14,0x27,0x1f,0xff,
    0x2d,0x2d,0x20,0xff,0x29,0x2c,0x20,0xff,0x2a,0x2d,0x1f,0xff,0x2b,0x2d,0x1f,0xff,
    0x2c,0x2c,0x1e,0xff,0x30,0x2f,0x1e,0xff,0x1d,0x1d,0x1c,0xff,0x11,0x11,0x1c,0xff,
    0x18,0x18,0x1c,0xff,0x17,0x17,0x1c,0xff,0x17,0x17,0x1c,0xff,0x17,0x17,0x1c,0xff,
    0x17,0x17,0x1c,0xff,0x17,0x17,0x1c,0xff,0x17,0x17,0x1c,0xff,0x17,0x17,0x1c,0xff,
    0x17,0x17,0x1c,0xff,0x17,0x17,0x1c,0xff,0x17,0x17,0x1c,0xff,0x17,0x17,0x1c,0xff,
    0x17,0x17,0x1c,0xff,0x17,0x17,0x1c,0xff,0x17,0x17,0x1c,0xff,0x17,0x17,0x1c,0xff,
    0x17,0x17,0x1c,0xff,0x17,0x17,0x1c,0xff,0x17,0x17,0x1c,0xff,0x17,0x17,0x1c,0xff,
    0x17,0x17,0x1c,0xff,0x17,0x17,0x1c,0xff,0x17,0x17,0x1c,0xff,0x17,0x17,0x1d,0xff,
    0x17,0x16,0x1b,0xff,0x16,0x15,0x19,0xff,0x16,0x15,0x19,0xff,0x16,0x15,0x19,0xff,
    0x17,0x14,0x19,0xff,0x17,0x14,0x19,0xff,0x17,0x14,0x19,0xff,0x19,0x15,0x19,0xff,
    0x0b,0x10,0x18,0xff,0x55,0x27,0x21,0xff,0xff,0x5c,0x34,0xff,0xfd,0x5a,0x33,0xff,
    0x64,0x29,0x21,0xff,0x07,0x0f,0x18,0xff,0x1a,0x15,0x1a,0xff,0x16,0x13,0x19,0xff,
    0x16,0x13,0x1a,0xff,0x16,0x13,0x1a,0xff,0x16,0x13,0x1a,0xff,0x16,0x13,0x1a,0xff,
    0x16,0x13,0x1a,0xff,0x16,0x13,0x1a,0xff,0x15,0x13,0x1a,0xff,0x15,0x12,0x1a,0xff,
    0x15,0x12,0x1a,0xff,0x15,0x12,0x1a,0xff,0x16,0x13,0x1a,0xff,0x0b,0x10,0x1a,0xff,
    0xab,0x41,0x2b,0xff,0xff,0x5f,0x35,0xff,0xf2,0x54,0x31,0xff,0x4c,0x22,0x20,0xff,
    0x04,0x0e,0x19,0xff,0x17,0x13,0x1b,0xff,0x12,0x12,0x1b,0xff,0x12,0x12,0x1b,0xff,
    0x12,0x12,0x1b,0xff,0x11,0x11,0x1c,0xff,0x15,0x15,0x1c,0xff,0x18,0x18,0x1c,0xff,
    0x17,0x17,0x1c,0xff,0x17,0x17,0x1c,0xff,0x17,0x17,0x1c,0xff,0x17,0x17,0x1c,0xff,
    0x17,0x17,0x1c,0xff,0x17,0x17,0x1c,0xff,0x17,0x17,0x1c,0xff,0x17,0x17,0x1c,0xff,
    0x17,0x17,0x1c,0xff,0x17,0x17,0x1c,0xff,0x17,0x17,0x1c,0xff,0x17,0x17,0x1c,0xff,
    0x17,0x17,0x1c,0xff,0x17,0x17,0x1c,0xff,0x17,0x17,0x1c,0xff,0x17,0x17,0x1c,0xff,
    0x17,0x17,0x1c,0xff,0x17,0x17,0x1c,0xff,0x17,0x17,0x1c,0xff,0x17,0x17,0x1c,0xff,
    0x17,0x17,0x1c,0xff,0x17,0x17,0x1c,0xff,0x17,0x17,0x1c,0xff,0x17,0x17,0x1c,0xff,
    0x17,0x17,0x1c,0xff,0x17,0x18,0x1d,0xff,0x17,0x18,0x1d,0xff,0x17,0x18,0x1d,0xff,
    0x17,0x18,0x1d,0xff,0x17,0x18,0x1d,0xff,0x17,0x18,0x1d,0xff,0x17,0x18,0x1d,0xff,
    0x1a,0x19,0x1d,0xff,0x07,0x13,0x1b,0xff,0x9d,0x3d,0x29,0xff,0xff,0x60,0x36,0xff,
    0xeb,0x55,0x32,0xff,0x2a,0x1d,0x1f,0xff,0x12,0x16,0x1c,0xff,0x19,0x18,0x1d,0xff,
    0x17,0x18,0x1d,0xff,0x17,0x18,0x1d,0xff,0x17,0x18,0x1d,0xff,0x17,0x18,0x1d,0xff,
    0x17,0x18,0x1d,0xff,0x17,0x18,0x1c,0xff,0x17,0x18,0x1c,0xff,0x17,0x18,0x1c,0xff,
    0x17,0x18,0x1c,0xff,0x17,0x18,0x1c,0xff,0x19,0x18,0x1c,0xff,0x15,0x17,0x1c,0xff,
    0x16,0x17,0x1c,0xff,0xc4,0x48,0x2d,0xff,0xff,0x60,0x35,0xff,0xf1,0x57,0x32,0xff,
    0x41,0x24,0x20,0xff,0x0b,0x15,0x1b,0xff,0x1c,0x19,0x1c,0xff,0x18,0x18,0x1c,0xff,
    0x18,0x18,0x1c,0xff,0x18,0x18,0x1c,0xff,0x18,0x18,0x1c,0xff,0x17,0x17,0x1c,0xff,
    0x17,0x17,0x1c,0xff,0x17,0x17,0x1c,0xff,0x17,0x17,0x1c,0xff,0x17,0x17,0x1c,0xff,
    0x17,0x17,0x1c,0xff,0x17,0x17,0x1c,0xff,0x17,0x17,0x1c,0xff,0x17,0x17,0x1c,0xff,
    0x17,0x17,0x1c,0xff,0x17,0x17,0x1c,0xff,0x17,0x17,0x1c,0xff,0x17,0x17,0x1c,0xff,
    0x17,0x17,0x1c,0xff,0x17,0x17,0x1c,0xff,0x17,0x17,0x1c,0xff,0x17,0x17,0x1c,0xff,
    0x17,0x17,0x1c,0xff,0x17,0x17,0x1c,0xff,0x17,0x17,0x1c,0xff,0x17,0x17,0x1c,0xff,
    0x17,0x17,0x1c,0xff,0x17,0x17,0x1c,0xff,0x17,0x17,0x1c,0xff,0x17,0x17,0x1c,0xff,
    0x17,0x17,0x1c,0xff,0x17,0x17,0x1c,0xff,0x17,0x17,0x1c,0xff,0x17,0x17,0x1c,0xff,
    0x17,0x17,0x1c,0xff,0x17,0x17,0x1c,0xff,0x17,0x17,0x1c,0xff,0x17,0x17,0x1c,0xff,
    0x18,0x17,0x1c,0xff,0x15,0x16,0x1c,0xff,0x1a,0x18,0x1c,0xff,0xda,0x4e,0x2f,0xff,
    0xff,0x60,0x35,0xff,0xb8,0x44,0x2c,0xff,0x0b,0x13,0x1b,0xff,0x1a,0x18,0x1c,0xff,
    0x17,0x17,0x1c,0xff,0x17,0x17,0x1c,0xff,0x17,0x17,0x1c,0xff,0x17,0x17,0x1c,0xff,
    0x17,0x17,0x1c,0xff,0x17,0x17,0x1c,0xff,0x17,0x17,0x1c,0xff,0x17,0x17,0x1c,0xff,
    0x17,0x17,0x1c,0xff,0x17,0x17,0x1c,0xff,0x17,0x17,0x1c,0xff,0x19,0x18,0x1c,0xff,
    0x12,0x16,0x1b,0xff,0x1d,0x18,0x1d,0xff,0xd1,0x4c,0x2f,0xff,0xff,0x5f,0x35,0xff,
    0xe7,0x53,0x31,0xff,0x32,0x1f,0x1f,0xff,0x0d,0x14,0x1b,0xff,0x1b,0x18,0x1c,0xff,
    0x17,0x17,0x1c,0xff,0x17,0x17,0x1c,0xff,0x17,0x17,0x1c,0xff,0x17,0x17,0x1c,0xff,
    0x17,0x17,0x1c,0xff,0x17,0x17,0x1c,0xff,0x17,0x17,0x1c,0xff,0x17,0x17,0x1c,0xff,
    0x17,0x17,0x1c,0xff,0x17,0x17,0x1c,0xff,0x17,0x17,0x1c,0xff,0x17,0x17,0x1c,0xff,
    0x17,0x17,0x1c,0xff,0x17,0x17,0x1c,0xff,0x17,0x17,0x1c,0xff,0x17,0x17,0x1c,0xff,
    0x17,0x17,0x1c,0xff,0x17,0x17,0x1c,0xff,0x17,0x17,0x1c,0xff,0x17,0x17,0x1c,0xff,
    0x17,0x17,0x1c,0xff,0x17,0x17,0x1c,0xff,0x17,0x17,0x1c,0xff,0x17,0x17,0x1c,0xff,
    0x17,0x17,0x1c,0xff,0x17,0x17,0x1c,0xff,0x17,0x17,0x1c,0xff,0x17,0x17,0x1c,0xff,
    0x17,0x17,0x1c,0xff,0x17,0x17,0x1c,0xff,0x17,0x17,0x1c,0xff,0x17,0x17,0x1c,0xff,
    0x17,0x17,0x1c,0xff,0x17,0x17,0x1c,0xff,0x17,0x17,0x1c,0xff,0x17,0x17,0x1c,0xff,
    0x17,0x17,0x1c,0xff,0x1a,0x18,0x1c,0xff,0x0b,0x14,0x1b,0xff,0x4b,0x26,0x21,0xff,
    0xfb,0x5a,0x33,0xff,0xff,0x5d,0x35,0xff,0x73,0x31,0x25,0xff,0x06,0x12,0x1a,0xff,
    0x1b,0x18,0x1c,0xff,0x17,0x17,0x1c,0xff,0x17,0x17,0x1c,0xff,0x17,0x17,0x1c,0xff,
    0x17,0x17,0x1c,0xff,0x17,0x17,0x1c,0xff,0x17,0x17,0x1c,0xff,0x17,0x17,0x1c,0xff,
    0x17,0x17,0x1c,0xff,0x17,0x17,0x1c,0xff,0x17,0x17,0x1c,0xff,0x17,0x17,0x1c,0xff,
    0x1a,0x18,0x1c,0xff,0x0f,0x15,0x1b,0xff,0x27,0x1b,0x1e,0xff,0xde,0x50,0x30,0xff,
    0xff,0x5f,0x35,0xff,0xdd,0x50,0x30,0xff,0x26,0x1b,0x1d,0xff,0x10,0x15,0x1b,0xff,
    0x1a,0x18,0x1c,0xff,0x17,0x17,0x1c,0xff,0x17,0x17,0x1c,0xff,0x17,0x17,0x1c,0xff,
    0x17,0x17,0x1c,0xff,0x17,0x17,0x1c,0xff,0x17,0x17,0x1c,0xff,0x17,0x17,0x1c,0xff,
    0x17,0x17,0x1c,0xff,0x17,0x17,0x1c,0xff,0x17,0x17,0x1c,0xff,0x17,0x17,0x1c,0xff,
    0x17,0x17,0x1c,0xff,0x17,0x17,0x1c,0xff,0x17,0x17,0x1c,0xff,0x17,0x17,0x1c,0xff,
    0x17,0x17,0x1c,0xff,0x17,0x17,0x1c,0xff,0x17,0x17,0x1c,0xff,0x17,0x17,0x1c,0xff,
    0x17,0x17,0x1c,0xff,0x17,0x17,0x1c,0xff,0x17,0x17,0x1c,0xff,0x17,0x17,0x1c,0xff,
    0x17,0x17,0x1c,0xff,0x17,0x17,0x1c,0xff,0x17,0x17,0x1c,0xff,0x17,0x17,0x1c,0xff,
    0x17,0x17,0x1c,0xff,0x17,0x17,0x1c,0xff,0x17,0x17,0x1c,0xff,0x17,0x17,0x1c,0xff,
    0x17,0x17,0x1c,0xff,0x17,0x17,0x1c,0xff,0x17,0x17,0x1c,0xff,0x17,0x17,0x1c,0xff,
    0x17,0x17,0x1c,0xff,0x17,0x17,0x1c,0xff,0x1b,0x18,0x1c,0xff,0x05,0x12,0x1a,0xff,
    0x8f,0x39,0x28,0xff,0xff,0x5f,0x35,0xff,0xf1,0x56,0x32,0xff,0x34,0x1f,0x1f,0xff,
    0x0f,0x15,0x1b,0xff,0x19,0x18,0x1c,0xff,0x17,0x17,0x1c,0xff,0x17,0x17,0x1c,0xff,
    0x17,0x17,0x1c,0xff,0x17,0x17,0x1c,0xff,0x17,0x17,0x1c,0xff,0x17,0x17,0x1c,0xff,
    0x17,0x17,0x1c,0xff,0x17,0x17,0x1c,0xff,0x17,0x17,0x1c,0xff,0x17,0x17,0x1c,0xff,
    0x17,0x17,0x1c,0xff,0x1b,0x18,0x1c,0xff,0x0d,0x14,0x1b,0xff,0x33,0x1f,0x1f,0xff,
    0xe8,0x54,0x31,0xff,0xff,0x5f,0x35,0xff,0xd0,0x4c,0x2e,0xff,0x1c,0x18,0x1c,0xff,
    0x13,0x16,0x1b,0xff,0x1a,0x18,0x1c,0xff,0x17,0x17,0x1c,0xff,0x17,0x17,0x1c,0xff,
    0x17,0x17,0x1c,0xff,0x17,0x17,0x1c,0xff,0x17,0x17,0x1c,0xff,0x17,0x17,0x1c,0xff,
    0x17,0x17,0x1c,0xff,0x17,0x17,0x1c,0xff,0x17,0x17,0x1c,0xff,0x17,0x17,0x1c,0xff,
    0x17,0x17,0x1c,0xff,0x17,0x17,0x1c,0xff,0x17,0x17,0x1c,0xff,0x17,0x17,0x1c,0xff,
    0x17,0x17,0x1c,0xff,0x17,0x17,0x1c,0xff,0x17,0x17,0x1c,0xff,0x17,0x17,0x1c,0xff,
    0x17,0x17,0x1c,0xff,0x17,0x17,0x1c,0xff,0x17,0x17,0x1c,0xff,0x17,0x17,0x1c,0xff,
    0x17,0x17,0x1c,0xff,0x17,0x17,0x1c,0xff,0x17,0x17,0x1c,0xff,0x17,0x17,0x1c,0xff,
    0x17,0x17,0x1c,0xff,0x17,0x17,0x1c,0xff,0x17,0x17,0x1c,0xff,0x17,0x17,0x1c,0xff,
    0x17,0x17,0x1c,0xff,0x17,0x17,0x1c,0xff,0x17,0x17,0x1c,0xff,0x17,0x17,0x1c,0xff,
    0x17,0x17,0x1c,0xff,0x17,0x17,0x1c,0xff,0x18,0x17,0x1c,0xff,0x17,0x17,0x1c,0xff,
    0x14,0x16,0x1c,0xff,0xcf,0x4b,0x2e,0xff,0xff,0x60,0x35,0xff,0xc4,0x48,0x2d,0xff,
    0x0f,0x15,0x1b,0xff,0x18,0x17,0x1c,0xff,0x17,0x17,0x1c,0xff,0x17,0x17,0x1c,0xff,
    0x17,0x17,0x1c,0xff,0x17,0x17,0x1c,0xff,0x17,0x17,0x1c,0xff,0x17,0x17,0x1c,0xff,
    0x17,0x17,0x1c,0xff,0x17,0x17,0x1c,0xff,0x17,0x17,0x1c,0xff,0x17,0x17,0x1c,0xff,
    0x17,0x17,0x1c,0xff,0x17,0x17,0x1c,0xff,0x1b,0x18,0x1c,0xff,0x0a,0x13,0x1b,0xff,
    0x42,0x23,0x20,0xff,0xf1,0x56,0x32,0xff,0xff,0x5f,0x35,0xff,0xc2,0x48,0x2d,0xff,
    0x13,0x16,0x1c,0xff,0x15,0x16,0x1c,0xff,0x19,0x17,0x1c,0xff,0x17,0x17,0x1c,0xff,
    0x17,0x17,0x1c,0xff,0x17,0x17,0x1c,0xff,0x17,0x17,0x1c,0xff,0x17,0x17,0x1c,0xff,
    0x17,0x17,0x1c,0xff,0x17,0x17,0x1c,0xff,0x17,0x17,0x1c,0xff,0x17,0x17,0x1c,0xff,
    0x17,0x17,0x1c,0xff,0x17,0x17,0x1c,0xff,0x17,0x17,0x1c,0xff,0x17,0x17,0x1c,0xff,
    0x17,0x17,0x1c,0xff,0x17,0x17,0x1c,0xff,0x17,0x17,0x1c,0xff,0x17,0x17,0x1c,0xff,
    0x17,0x17,0x1c,0xff,0x17,0x17,0x1c,0xff,0x17,0x17,0x1c,0xff,0x17,0x17,0x1c,0xff,
    0x17,0x17,0x1c,0xff,0x17,0x17,0x1c,0xff,0x17,0x17,0x1c,0xff,0x17,0x17,0x1c,0xff,
    0x17,0x17,0x1c,0xff,0x17,0x17,0x1c,0xff,0x17,0x17,0x1c,0xff,0x17,0x17,0x1c,0xff,
    0x17,0x17,0x1c,0xff,0x17,0x17,0x1c,0xff,0x17,0x17,0x1c,0xff,0x17,0x17,0x1c,0xff,
    0x17,0x17,0x1d,0xff,0x17,0x17,0x1d,0xff,0x17,0x17,0x1d,0xff,0x1a,0x18,0x1d,0xff,
    0x0d,0x15,0x1c,0xff,0x3f,0x23,0x21,0xff,0xf7,0x59,0x33,0xff,0xff,0x5e,0x35,0xff,
    0x81,0x35,0x26,0xff,0x06,0x12,0x1b,0xff,0x1b,0x19,0x1d,0xff,0x17,0x18,0x1d,0xff,
    0x17,0x18,0x1d,0xff,0x17,0x18,0x1d,0xff,0x17,0x18,0x1d,0xff,0x17,0x18,0x1d,0xff,
    0x17,0x18,0x1d,0xff,0x17,0x18,0x1d,0xff,0x17,0x18,0x1d,0xff,0x17,0x18,0x1d,0xff,
    0x17,0x18,0x1d,0xff,0x17,0x18,0x1d,0xff,0x17,0x18,0x1d,0xff,0x1c,0x19,0x1d,0xff,
    0x08,0x14,0x1b,0xff,0x52,0x28,0x22,0xff,0xf8,0x5a,0x33,0xff,0xff,0x5f,0x35,0xff,
    0xb2,0x43,0x2b,0xff,0x0e,0x15,0x1b,0xff,0x17,0x18,0x1c,0xff,0x18,0x18,0x1c,0xff,
    0x18,0x18,0x1c,0xff,0x18,0x18,0x1c,0xff,0x18,0x18,0x1c,0xff,0x18,0x18,0x1c,0xff,
    0x18,0x18,0x1c,0xff,0x18,0x18,0x1c,0xff,0x18,0x18,0x1c,0xff,0x18,0x18,0x1c,0xff,
    0x17,0x17,0x1c,0xff,0x17,0x17,0x1c,0xff,0x17,0x17,0x1c,0xff,0x17,0x17,0x1c,0xff,
    0x17,0x17,0x1c,0xff,0x17,0x17,0x1c,0xff,0x17,0x17,0x1c,0xff,0x17,0x17,0x1c,0xff,
    0x17,0x17,0x1c,0xff,0x17,0x17,0x1c,0xff,0x17,0x17,0x1c,0xff,0x17,0x17,0x1c,0xff,
    0x17,0x17,0x1c,0xff,0x17,0x17,0x1c,0xff,0x17,0x17,0x1c,0xff,0x17,0x17,0x1c,0xff,
    0x17,0x17,0x1c,0xff,0x17,0x17,0x1c,0xff,0x17,0x17,0x1c,0xff,0x17,0x17,0x1c,0xff,
    0x17,0x17,0x1c,0xff,0x17,0x17,0x1c,0xff,0x17,0x17,0x1c,0xff,0x17,0x17,0x1d,0xff,
    0x16,0x16,0x1a,0xff,0x16,0x15,0x19,0xff,0x16,0x15,0x19,0xff,0x16,0x15,0x19,0xff,
    0x1b,0x16,0x19,0xff,0x05,0x10,0x17,0xff,0x80,0x32,0x23,0xff,0xff,0x5d,0x34,0xff,
    0xf7,0x58,0x33,0xff,0x3d,0x20,0x1e,0xff,0x0f,0x12,0x18,0xff,0x19,0x15,0x19,0xff,
    0x17,0x14,0x19,0xff,0x17,0x14,0x19,0xff,0x17,0x14,0x19,0xff,0x17,0x14,0x19,0xff,
    0x17,0x14,0x19,0xff,0x16,0x14,0x19,0xff,0x16,0x13,0x19,0xff,0x16,0x13,0x19,0xff,
    0x16,0x13,0x19,0xff,0x16,0x13,0x1a,0xff,0x16,0x13,0x1a,0xff,0x16,0x13,0x1a,0xff,
    0x1b,0x14,0x1a,0xff,0x04,0x0e,0x18,0xff,0x61,0x28,0x21,0xff,0xf9,0x56,0x32,0xff,
    0xff,0x5f,0x35,0xff,0x9a,0x3c,0x29,0xff,0x0a,0x0f,0x19,0xff,0x17,0x13,0x1a,0xff,
    0x15,0x12,0x1a,0xff,0x14,0x12,0x1b,0xff,0x14,0x12,0x1b,0xff,0x14,0x12,0x1b,0xff,
    0x14,0x12,0x1b,0xff,0x13,0x12,0x1b,0xff,0x13,0x11,0x1b,0xff,0x16,0x16,0x1c,0xff,
    0x18,0x18,0x1c,0xff,0x17,0x17,0x1c,0xff,0x17,0x17,0x1c,0xff,0x17,0x17,0x1c,0xff,
    0x17,0x17,0x1c,0xff,0x17,0x17,0x1c,0xff,0x17,0x17,0x1c,0xff,0x17,0x17,0x1c,0xff,
    0x17,0x17,0x1c,0xff,0x17,0x17,0x1c,0xff,0x17,0x17,0x1c,0xff,0x17,0x17,0x1c,0xff,
    0x17,0x17,0x1c,0xff,0x17,0x17,0x1c,0xff,0x17,0x17,0x1c,0xff,0x17,0x17,0x1c,0xff,
    0x17,0x17,0x1c,0xff,0x17,0x17,0x1c,0xff,0x17,0x17,0x1c,0xff,0x17,0x17,0x1c,0xff,
    0x17,0x17,0x1c,0xff,0x17,0x17,0x1c,0xff,0x17,0x17,0x1c,0xff,0x16,0x15,0x18,0xff,
    0x19,0x1b,0x24,0xff,0x1b,0x1f,0x29,0xff,0x1a,0x1f,0x28,0xff,0x1a,0x1f,0x28,0xff,
    0x1a,0x20,0x28,0xff,0x1a,0x20,0x28,0xff,0x14,0x1f,0x28,0xff,0xd2,0x4e,0x32,0xff,
    0xff,0x5f,0x34,0xff,0x77,0x39,0x2d,0xff,0x08,0x1e,0x27,0xff,0x1d,0x24,0x28,0xff,
    0x19,0x23,0x28,0xff,0x18,0x24,0x28,0xff,0x18,0x24,0x28,0xff,0x18,0x24,0x28,0xff,
    0x19,0x25,0x28,0xff,0x19,0x25,0x27,0xff,0x1a,0x26,0x27,0xff,0x1a,0x26,0x27,0xff,
    0x1a,0x26,0x26,0xff,0x1b,0x27,0x26,0xff,0x1b,0x27,0x26,0xff,0x1c,0x28,0x26,0xff,
    0x1c,0x28,0x25,0xff,0x22,0x2a,0x25,0xff,0x09,0x24,0x23,0xff,0x85,0x42,0x2c,0xff,
    0xfd,0x5d,0x34,0xff,0xe1,0x53,0x31,0xff,0x20,0x2a,0x24,0xff,0x1f,0x2b,0x23,0xff,
    0x21,0x2b,0x23,0xff,0x22,0x2b,0x22,0xff,0x23,0x2b,0x22,0xff,0x24,0x2b,0x21,0xff,
    0x25,0x2c,0x21,0xff,0x26,0x2b,0x20,0xff,0x29,0x2e,0x20,0xff,0x1b,0x1b,0x1d,0xff,
    0x13,0x12,0x1b,0xff,0x18,0x18,0x1c,0xff,0x17,0x17,0x1c,0xff,0x17,0x17,0x1c,0xff,
    0x17,0x17,0x1c,0xff,0x17,0x17,0x1c,0xff,0x17,0x17,0x1c,0xff,0x17,0x17,0x1c,0xff,
    0x17,0x17,0x1c,0xff,0x17,0x17,0x1c,0xff,0x17,0x17,0x1c,0xff,0x17,0x17,0x1c,0xff,
    0x17,0x17,0x1c,0xff,0x17,0x17,0x1c,0xff,0x17,0x17,0x1c,0xff,0x17,0x17,0x1c,0xff,
    0x17,0x17,0x1c,0xff,0x17,0x17,0x1c,0xff,0x17,0x17,0x1c,0xff,0x17,0x17,0x1c,0xff,
    0x17,0x17,0x1c,0xff,0x18,0x18,0x1d,0xff,0x15,0x14,0x17,0xff,0x22,0x2b,0x40,0xff,
    0x38,0x54,0x88,0xff,0x36,0x58,0x87,0xff,0x34,0x5c,0x87,0xff,0x33,0x60,0x87,0xff,
    0x31,0x63,0x87,0xff,0x32,0x68,0x86,0xff,0x25,0x6d,0x8b,0xff,0xc2,0x5e,0x4a,0xff,
    0xfe,0x55,0x28,0xff,0x7d,0x6c,0x66,0xff,0x19,0x7d,0x8d,0xff,0x29,0x7f,0x86,0xff,
    0x25,0x83,0x87,0xff,0x23,0x87,0x87,0xff,0x21,0x8b,0x87,0xff,0x23,0x8f,0x86,0xff,
    0x26,0x92,0x83,0xff,0x2a,0x96,0x81,0xff,0x2e,0x9a,0x7f,0xff,0x32,0x9c,0x7c,0xff,
    0x36,0xa0,0x79,0xff,0x39,0xa3,0x77,0xff,0x3d,0xa7,0x74,0xff,0x41,0xab,0x71,0xff,
    0x44,0xae,0x6e,0xff,0x4a,0xb0,0x6b,0xff,0x44,0xbb,0x6c,0xff,0x7a,0x9c,0x57,0xff,
    0xff,0x50,0x2f,0xff,0xe2,0x6a,0x3a,0xff,0x5d,0xc2,0x5f,0xff,0x65,0xc5,0x5b,0xff,
    0x70,0xc6,0x57,0xff,0x7a,0xc8,0x53,0xff,0x83,0xca,0x4f,0xff,0x8e,0xcc,0x4b,0xff,
    0x98,0xce,0x48,0xff,0xa1,0xcf,0x44,0xff,0xae,0xd5,0x41,0xff,0xa3,0xbd,0x39,0xff,
    0x29,0x2c,0x1f,0xff,0x13,0x13,0x1b,0xff,0x18,0x18,0x1c,0xff,0x17,0x17,0x1c,0xff,
    0x17,0x17,0x1c,0xff,0x17,0x17,0x1c,0xff,0x17,0x17,0x1c,0xff,0x17,0x17,0x1c,0xff,
    0x17,0x17,0x1c,0xff,0x17,0x17,0x1c,0xff,0x17,0x17,0x1c,0xff,0x17,0x17,0x1c,0xff,
    0x17,0x17,0x1c,0xff,0x17,0x17,0x1c,0xff,0x17,0x17,0x1c,0xff,0x17,0x17,0x1c,0xff,
    0x17,0x17,0x1c,0xff,0x17,0x17,0x1c,0xff,0x17,0x17,0x1c,0xff,0x17,0x17,0x1c,0xff,
    0x17,0x17,0x1c,0xff,0x17,0x18,0x1e,0xff,0x15,0x13,0x14,0xff,0x2f,0x3f,0x68,0xff,
    0x3c,0x5b,0x95,0xff,0x36,0x59,0x8a,0xff,0x35,0x5f,0x8c,0xff,0x34,0x63,0x8c,0xff,
    0x32,0x67,0x8c,0xff,0x32,0x6b,0x8b,0xff,0x27,0x71,0x90,0xff,0xc6,0x60,0x4b,0xff,
    0xff,0x55,0x28,0xff,0x7e,0x6f,0x69,0xff,0x19,0x82,0x92,0xff,0x2a,0x83,0x8b,0xff,
    0x25,0x88,0x8c,0xff,0x23,0x8c,0x8c,0xff,0x21,0x90,0x8c,0xff,0x23,0x94,0x8b,0xff,
    0x27,0x97,0x88,0xff,0x2b,0x9b,0x85,0xff,0x2f,0x9f,0x83,0xff,0x33,0xa2,0x80,0xff,
    0x37,0xa6,0x7d,0xff,0x3a,0xa9,0x7b,0xff,0x3e,0xad,0x78,0xff,0x42,0xb1,0x75,0xff,
    0x46,0xb4,0x72,0xff,0x4c,0xb6,0x6f,0xff,0x45,0xc2,0x70,0xff,0x84,0xa4,0x5b,0xff,
    0xff,0x50,0x2f,0xff,0xe4,0x6b,0x3b,0xff,0x60,0xca,0x62,0xff,0x69,0xcd,0x5e,0xff,
    0x74,0xce,0x5a,0xff,0x7e,0xd0,0x56,0xff,0x88,0xd2,0x51,0xff,0x93,0xd4,0x4d,0xff,
    0x9d,0xd6,0x4a,0xff,0xa7,0xd8,0x46,0xff,0xaf,0xd6,0x41,0xff,0xcb,0xec,0x41,0xff,
    0x54,0x5d,0x27,0xff,0x0c,0x0a,0x1a,0xff,0x19,0x1a,0x1c,0xff,0x17,0x17,0x1c,0xff,
    0x17,0x17,0x1c,0xff,0x17,0x17,0x1c,0xff,0x17,0x17,0x1c,0xff,0x17,0x17,0x1c,0xff,
    0x17,0x17,0x1c,0xff,0x17,0x17,0x1c,0xff,0x17,0x17,0x1c,0xff,0x17,0x17,0x1c,0xff,
    0x17,0x17,0x1c,0xff,0x17,0x17,0x1c,0xff,0x17,0x17,0x1c,0xff,0x17,0x17,0x1c,0xff,
    0x17,0x17,0x1c,0xff,0x17,0x17,0x1c,0xff,0x17,0x17,0x1c,0xff,0x17,0x17,0x1c,0xff,
    0x17,0x17,0x1c,0xff,0x17,0x18,0x1e,0xff,0x15,0x13,0x15,0xff,0x2e,0x3e,0x64,0xff,
    0x3b,0x5a,0x91,0xff,0x36,0x59,0x89,0xff,0x35,0x5e,0x8b,0xff,0x34,0x62,0x8b,0xff,
    0x32,0x66,0x8b,0xff,0x32,0x6a,0x8a,0xff,0x26,0x70,0x8f,0xff,0xc5,0x60,0x4b,0xff,
    0xff,0x55,0x28,0xff,0x7e,0x6e,0x68,0xff,0x19,0x81,0x91,0xff,0x2a,0x82,0x8a,0xff,
    0x25,0x87,0x8b,0xff,0x23,0x8b,0x8b,0xff,0x21,0x8f,0x8b,0xff,0x23,0x93,0x8a,0xff,
    0x27,0x96,0x87,0xff,0x2b,0x9a,0x84,0xff,0x2f,0x9e,0x82,0xff,0x33,0xa1,0x7f,0xff,
    0x37,0xa5,0x7c,0xff,0x3a,0xa8,0x7a,0xff,0x3e,0xac,0x77,0xff,0x42,0xb0,0x74,0xff,
    0x46,0xb3,0x71,0xff,0x4c,0xb5,0x6e,0xff,0x44,0xbf,0x6f,0xff,0x82,0xa2,0x5a,0xff,
    0xff,0x50,0x2f,0xff,0xe4,0x6b,0x3b,0xff,0x5f,0xc7,0x61,0xff,0x68,0xca,0x5d,0xff,
    0x73,0xcb,0x59,0xff,0x7d,0xcd,0x55,0xff,0x87,0xcf,0x51,0xff,0x92,0xd1,0x4d,0xff,
    0x9c,0xd3,0x4a,0xff,0xa6,0xd5,0x46,0xff,0xae,0xd4,0x41,0xff,0xc5,0xe4,0x40,0xff,
    0x52,0x5b,0x27,0xff,0x0c,0x0a,0x1a,0xff,0x19,0x1a,0x1c,0xff,0x17,0x17,0x1c,0xff,
    0x17,0x17,0x1c,0xff,0x17,0x17,0x1c,0xff,0x17,0x17,0x1c,0xff,0x17,0x17,0x1c,0xff,
    0x17,0x17,0x1c,0xff,0x17,0x17,0x1c,0xff,0x17,0x17,0x1c,0xff,0x17,0x17,0x1c,0xff,
    0x17,0x17,0x1c,0xff,0x17,0x17,0x1c,0xff,0x17,0x17,0x1c,0xff,0x17,0x17,0x1c,0xff,
    0x17,0x17,0x1c,0xff,0x17,0x17,0x1c,0xff,0x17,0x17,0x1c,0xff,0x17,0x17,0x1c,0xff,
    0x17,0x17,0x1c,0xff,0x17,0x18,0x1e,0xff,0x15,0x13,0x15,0xff,0x2e,0x3e,0x65,0xff,
    0x3b,0x5a,0x92,0xff,0x36,0x59,0x89,0xff,0x35,0x5e,0x8b,0xff,0x34,0x62,0x8b,0xff,
    0x32,0x66,0x8b,0xff,0x32,0x6a,0x8a,0xff,0x26,0x70,0x8f,0xff,0xc5,0x60,0x4b,0xff,
    0xff,0x55,0x28,0xff,0x7e,0x6e,0x68,0xff,0x19,0x81,0x91,0xff,0x2a,0x82,0x8a,0xff,
    0x25,0x87,0x8b,0xff,0x23,0x8b,0x8b,0xff,0x21,0x8f,0x8b,0xff,0x23,0x93,0x8a,0xff,
    0x27,0x96,0x87,0xff,0x2b,0x9a,0x84,0xff,0x2f,0x9e,0x82,0xff,0x33,0xa1,0x7f,0xff,
    0x37,0xa5,0x7c,0xff,0x3a,0xa8,0x7a,0xff,0x3e,0xac,0x77,0xff,0x42,0xb0,0x74,0xff,
    0x46,0xb3,0x71,0xff,0x4c,0xb5,0x6e,0xff,0x44,0xc0,0x6f,0xff,0x82,0xa2,0x5a,0xff,
    0xff,0x50,0x2f,0xff,0xe4,0x6b,0x3b,0xff,0x5f,0xc8,0x61,0xff,0x68,0xcb,0x5d,0xff,
    0x73,0xcc,0x59,0xff,0x7d,0xce,0x55,0xff,0x87,0xd0,0x51,0xff,0x92,0xd2,0x4d,0xff,
    0x9c,0xd4,0x4a,0xff,0xa6,0xd6,0x46,0xff,0xae,0xd5,0x41,0xff,0xc6,0xe6,0x40,0xff,
    0x52,0x5b,0x27,0xff,0x0c,0x0a,0x1a,0xff,0x19,0x1a,0x1c,0xff,0x17,0x17,0x1c,0xff,
    0x17,0x17,0x1c,0xff,0x17,0x17,0x1c,0xff,0x17,0x17,0x1c,0xff,0x17,0x17,0x1c,0xff,
    0x17,0x17,0x1c,0xff,0x17,0x17,0x1c,0xff,0x17,0x17,0x1c,0xff,0x17,0x17,0x1c,0xff,
    0x17,0x17,0x1c,0xff,0x17,0x17,0x1c,0xff,0x17,0x17,0x1c,0xff,0x17,0x17,0x1c,0xff,
    0x17,0x17,0x1c,0xff,0x17,0x17,0x1c,0xff,0x17,0x17,0x1c,0xff,0x17,0x17,0x1c,0xff,
    0x17,0x17,0x1c,0xff,0x17,0x18,0x1e,0xff,0x15,0x13,0x15,0xff,0x2e,0x3e,0x65,0xff,
    0x3b,0x5a,0x92,0xff,0x36,0x59,0x89,0xff,0x35,0x5e,0x8b,0xff,0x34,0x62,0x8b,0xff,
    0x32,0x66,0x8b,0xff,0x32,0x6a,0x8a,0xff,0x26,0x70,0x8f,0xff,0xc5,0x60,0x4b,0xff,
    0xff,0x55,0x28,0xff,0x7e,0x6e,0x68,0xff,0x19,0x81,0x91,0xff,0x2a,0x82,0x8a,0xff,
    0x25,0x87,0x8b,0xff,0x23,0x8b,0x8b,0xff,0x21,0x8f,0x8b,0xff,0x23,0x93,0x8a,0xff,
    0x27,0x96,0x87,0xff,0x2b,0x9a,0x84,0xff,0x2f,0x9e,0x82,0xff,0x33,0xa1,0x7f,0xff,
    0x37,0xa5,0x7c,0xff,0x3a,0xa8,0x7a,0xff,0x3e,0xac,0x77,0xff,0x42,0xb0,0x74,0xff,
    0x46,0xb3,0x71,0xff,0x4c,0xb5,0x6e,0xff,0x44,0xc0,0x6f,0xff,0x82,0xa2,0x5a,0xff,
    0xff,0x50,0x2f,0xff,0xe4,0x6b,0x3b,0xff,0x5f,0xc8,0x61,0xff,0x68,0xcb,0x5d,0xff,
    0x73,0xcc,0x59,0xff,0x7d,0xce,0x55,0xff,0x87,0xd0,0x51,0xff,0x92,0xd2,0x4d,0xff,
    0x9c,0xd4,0x4a,0xff,0xa6,0xd6,0x46,0xff,0xae,0xd5,0x41,0xff,0xc6,0xe6,0x40,0xff,
    0x52,0x5b,0x27,0xff,0x0c,0x0a,0x1a,0xff,0x19,0x1a,0x1c,0xff,0x17,0x17,0x1c,0xff,
    0x17,0x17,0x1c,0xff,0x17,0x17,0x1c,0xff,0x17,0x17,0x1c,0xff,0x17,0x17,0x1c,0xff,
    0x17,0x17,0x1c,0xff,0x17,0x17,0x1c,0xff,0x17,0x17,0x1c,0xff,0x17,0x17,0x1c,0xff,
    0x17,0x17,0x1c,0xff,0x17,0x17,0x1c,0xff,0x17,0x17,0x1c,0xff,0x17,0x17,0x1c,0xff,
    0x17,0x17,0x1c,0xff,0x17,0x17,0x1c,0xff,0x17,0x17,0x1c,0xff,0x17,0x17,0x1c,0xff,
    0x17,0x17,0x1c,0xff,0x17,0x18,0x1e,0xff,0x15,0x13,0x15,0xff,0x2e,0x3e,0x65,0xff,
    0x3b,0x5a,0x92,0xff,0x36,0x59,0x89,0xff,0x35,0x5e,0x8b,0xff,0x34,0x62,0x8b,0xff,
    0x32,0x66,0x8b,0xff,0x32,0x6a,0x8a,0xff,0x26,0x70,0x8f,0xff,0xc5,0x60,0x4b,0xff,
    0xff,0x55,0x28,0xff,0x7e,0x6e,0x68,0xff,0x19,0x81,0x91,0xff,0x2a,0x82,0x8a,0xff,
    0x25,0x87,0x8b,0xff,0x23,0x8b,0x8b,0xff,0x21,0x8f,0x8b,0xff,0x23,0x93,0x8a,0xff,
    0x27,0x96,0x87,0xff,0x2b,0x9a,0x84,0xff,0x2f,0x9e,0x82,0xff,0x33,0xa1,0x7f,0xff,
    0x37,0xa5,0x7c,0xff,0x3a,0xa8,0x7a,0xff,0x3e,0xac,0x77,0xff,0x42,0xb0,0x74,0xff,
    0x46,0xb3,0x71,0xff,0x4c,0xb5,0x6e,0xff,0x44,0xc0,0x6f,0xff,0x82,0xa2,0x5a,0xff,
    0xff,0x50,0x2f,0xff,0xe4,0x6b,0x3b,0xff,0x5f,0xc8,0x61,0xff,0x68,0xcb,0x5d,0xff,
    0x73,0xcc,0x59,0xff,0x7d,0xce,0x55,0xff,0x87,0xd0,0x51,0xff,0x92,0xd2,0x4d,0xff,
    0x9c,0xd4,0x4a,0xff,0xa6,0xd6,0x46,0xff,0xae,0xd5,0x41,0xff,0xc6,0xe6,0x40,0xff,
    0x52,0x5b,0x27,0xff,0x0c,0x0a,0x1a,0xff,0x19,0x1a,0x1c,0xff,0x17,0x17,0x1c,0xff,
    0x17,0x17,0x1c,0xff,0x17,0x17,0x1c,0xff,0x17,0x17,0x1c,0xff,0x17,0x17,0x1c,0xff,
    0x17,0x17,0x1c,0xff,0x17,0x17,0x1c,0xff,0x17,0x17,0x1c,0xff,0x17,0x17,0x1c,0xff,
    0x17,0x17,0x1c,0xff,0x17,0x17,0x1c,0xff,0x17,0x17,0x1c,0xff,0x17,0x17,0x1c,0xff,
    0x17,0x17,0x1c,0xff,0x17,0x17,0x1c,0xff,0x17,0x17,0x1c,0xff,0x17,0x17,0x1c,0xff,
    0x17,0x17,0x1c,0xff,0x17,0x18,0x1e,0xff,0x15,0x13,0x15,0xff,0x2e,0x3e,0x65,0xff,
    0x3b,0x5a,0x92,0xff,0x36,0x59,0x89,0xff,0x35,0x5e,0x8b,0xff,0x34,0x62,0x8b,0xff,
    0x32,0x66,0x8b,0xff,0x32,0x6a,0x8a,0xff,0x26,0x70,0x8f,0xff,0xc5,0x60,0x4b,0xff,
    0xff,0x55,0x28,0xff,0x7e,0x6e,0x68,0xff,0x19,0x81,0x91,0xff,0x2a,0x82,0x8a,0xff,
    0x25,0x87,0x8b,0xff,0x23,0x8b,0x8b,0xff,0x21,0x8f,0x8b,0xff,0x23,0x93,0x8a,0xff,
    0x27,0x96,0x87,0xff,0x2b,0x9a,0x84,0xff,0x2f,0x9e,0x82,0xff,0x33,0xa1,0x7f,0xff,
    0x37,0xa5,0x7c,0xff,0x3a,0xa8,0x7a,0xff,0x3e,0xac,0x77,0xff,0x42,0xb0,0x74,0xff,
    0x46,0xb3,0x71,0xff,0x4c,0xb5,0x6e,0xff,0x44,0xc0,0x6f,0xff,0x82,0xa2,0x5a,0xff,
    0xff,0x50,0x2f,0xff,0xe4,0x6b,0x3b,0xff,0x5f,0xc8,0x61,0xff,0x68,0xcb,0x5d,0xff,
    0x73,0xcc,0x59,0xff,0x7d,0xce,0x55,0xff,0x87,0xd0,0x51,0xff,0x92,0xd2,0x4d,0xff,
    0x9c,0xd4,0x4a,0xff,0xa6,0xd6,0x46,0xff,0xae,0xd5,0x41,0xff,0xc6,0xe6,0x40,0xff,
    0x52,0x5b,0x27,0xff,0x0c,0x0a,0x1a,0xff,0x19,0x1a,0x1c,0xff,0x17,0x17,0x1c,0xff,
    0x17,0x17,0x1c,0xff,0x17,0x17,0x1c,0xff,0x17,0x17,0x1c,0xff,0x17,0x17,0x1c,0xff,
    0x17,0x17,0x1c,0xff,0x17,0x17,0x1c,0xff,0x17,0x17,0x1c,0xff,0x17,0x17,0x1c,0xff,
    0x17,0x17,0x1c,0xff,0x17,0x17,0x1c,0xff,0x17,0x17,0x1c,0xff,0x17,0x17,0x1c,0xff,
    0x17,0x17,0x1c,0xff,0x17,0x17,0x1c,0xff,0x17,0x17,0x1c,0xff,0x17,0x17,0x1c,0xff,
    0x17,0x17,0x1c,0xff,0x17,0x18,0x1e,0xff,0x15,0x13,0x15,0xff,0x2e,0x3e,0x65,0xff,
    0x3b,0x5a,0x92,0xff,0x36,0x59,0x89,0xff,0x35,0x5e,0x8b,0xff,0x34,0x62,0x8b,0xff,
    0x32,0x66,0x8b,0xff,0x32,0x6a,0x8a,0xff,0x26,0x70,0x8f,0xff,0xc5,0x60,0x4b,0xff,
    0xff,0x55,0x28,0xff,0x7e,0x6e,0x68,0xff,0x19,0x81,0x91,0xff,0x2a,0x82,0x8a,0xff,
    0x25,0x87,0x8b,0xff,0x23,0x8b,0x8b,0xff,0x21,0x8f,0x8b,0xff,0x23,0x93,0x8a,0xff,
    0x27,0x96,0x87,0xff,0x2b,0x9a,0x84,0xff,0x2f,0x9e,0x82,0xff,0x33,0xa1,0x7f,0xff,
    0x37,0xa5,0x7c,0xff,0x3a,0xa8,0x7a,0xff,0x3e,0xac,0x77,0xff,0x42,0xb0,0x74,0xff,
    0x46,0xb3,0x71,0xff,0x4c,0xb5,0x6e,0xff,0x44,0xc0,0x6f,0xff,0x82,0xa2,0x5a,0xff,
    0xff,0x50,0x2f,0xff,0xe4,0x6b,0x3b,0xff,0x5f,0xc8,0x61,0xff,0x68,0xcb,0x5d,0xff,
    0x73,0xcc,0x59,0xff,0x7d,0xce,0x55,0xff,0x87,0xd0,0x51,0xff,0x92,0xd2,0x4d,0xff,
    0x9c,0xd4,0x4a,0xff,0xa6,0xd6,0x46,0xff,0xae,0xd5,0x41,0xff,0xc6,0xe6,0x40,0xff,
    0x52,0x5b,0x27,0xff,0x0c,0x0a,0x1a,0xff,0x19,0x1a,0x1c,0xff,0x17,0x17,0x1c,0xff,
    0x17,0x17,0x1c,0xff,0x17,0x17,0x1c,0xff,0x17,0x17,0x1c,0xff,0x17,0x17,0x1c,0xff,
    0x17,0x17,0x1c,0xff,0x17,0x17,0x1c,0xff,0x17,0x17,0x1c,0xff,0x17,0x17,0x1c,0xff,
    0x17,0x17,0x1c,0xff,0x17,0x17,0x1c,0xff,0x17,0x17,0x1c,0xff,0x17,0x17,0x1c,0xff,
    0x17,0x17,0x1c,0xff,0x17,0x17,0x1c,0xff,0x17,0x17,0x1c,0xff,0x17,0x17,0x1c,0xff,
    0x17,0x17,0x1c,0xff,0x17,0x18,0x1e,0xff,0x15,0x13,0x15,0xff,0x2e,0x3e,0x65,0xff,
    0x3b,0x5a,0x92,0xff,0x36,0x59,0x89,0xff,0x35,0x5e,0x8b,0xff,0x34,0x62,0x8b,0xff,
    0x32,0x66,0x8b,0xff,0x32,0x6a,0x8a,0xff,0x26,0x70,0x8f,0xff,0xc5,0x60,0x4b,0xff,
    0xff,0x55,0x28,0xff,0x7e,0x6e,0x68,0xff,0x19,0x81,0x91,0xff,0x2a,0x82,0x8a,0xff,
    0x25,0x87,0x8b,0xff,0x23,0x8b,0x8b,0xff,0x21,0x8f,0x8b,0xff,0x23,0x93,0x8a,0xff,
    0x27,0x96,0x87,0xff,0x2b,0x9a,0x84,0xff,0x2f,0x9e,0x82,0xff,0x33,0xa1,0x7f,0xff,
    0x37,0xa5,0x7c,0xff,0x3a,0xa8,0x7a,0xff,0x3e,0xac,0x77,0xff,0x42,0xb0,0x74,0xff,
    0x46,0xb3,0x71,0xff,0x4c,0xb5,0x6e,0xff,0x44,0xc0,0x6f,0xff,0x82,0xa2,0x5a,0xff,
    0xff,0x50,0x2f,0xff,0xe4,0x6b,0x3b,0xff,0x5f,0xc8,0x61,0xff,0x68,0xcb,0x5d,0xff,
    0x73,0xcc,0x59,0xff,0x7d,0xce,0x55,0xff,0x87,0xd0,0x51,0xff,0x92,0xd2,0x4d,0xff,
    0x9c,0xd4,0x4a,0xff,0xa6,0xd6,0x46,0xff,0xae,0xd5,0x41,0xff,0xc6,0xe6,0x40,0xff,
    0x52,0x5b,0x27,0xff,0x0c,0x0a,0x1a,0xff,0x19,0x1a,0x1c,0xff,0x17,0x17,0x1c,0xff,
    0x17,0x17,0x1c,0xff,0x17,0x17,0x1c,0xff,0x17,0x17,0x1c,0xff,0x17,0x17,0x1c,0xff,
    0x17,0x17,0x1c,0xff,0x17,0x17,0x1c,0xff,0x17,0x17,0x1c,0xff,0x17,0x17,0x1c,0xff,
    0x17,0x17,0x1c,0xff,0x17,0x17,0x1c,0xff,0x17,0x17,0x1c,0xff,0x17,0x17,0x1c,0xff,
    0x17,0x17,0x1c,0xff,0x17,0x17,0x1c,0xff,0x17,0x17,0x1c,0xff,0x17,0x17,0x1c,0xff,
    0x17,0x17,0x1c,0xff,0x17,0x18,0x1e,0xff,0x15,0x13,0x15,0xff,0x2e,0x3e,0x64,0xff,
    0x3b,0x5a,0x92,0xff,0x36,0x59,0x89,0xff,0x35,0x5e,0x8b,0xff,0x34,0x62,0x8b,0xff,
    0x32,0x66,0x8b,0xff,0x32,0x6a,0x8a,0xff,0x26,0x70,0x8f,0xff,0xc5,0x60,0x4b,0xff,
    0xff,0x55,0x28,0xff,0x7e,0x6e,0x68,0xff,0x19,0x81,0x91,0xff,0x2a,0x82,0x8a,0xff,
    0x25,0x87,0x8b,0xff,0x23,0x8b,0x8b,0xff,0x21,0x8f,0x8b,0xff,0x23,0x93,0x8a,0xff,
    0x27,0x96,0x87,0xff,0x2b,0x9a,0x84,0xff,0x2f,0x9e,0x82,0xff,0x33,0xa1,0x7f,0xff,
    0x37,0xa5,0x7c,0xff,0x3a,0xa8,0x7a,0xff,0x3e,0xac,0x77,0xff,0x42,0xb0,0x74,0xff,
    0x46,0xb3,0x71,0xff,0x4c,0xb5,0x6e,0xff,0x44,0xc0,0x6f,0xff,0x82,0xa2,0x5a,0xff,
    0xff,0x50,0x2f,0xff,0xe4,0x6b,0x3b,0xff,0x5f,0xc8,0x61,0xff,0x68,0xcb,0x5d,0xff,
    0x73,0xcc,0x59,0xff,0x7d,0xce,0x55,0xff,0x87,0xd0,0x51,0xff,0x92,0xd2,0x4d,0xff,
    0x9c,0xd4,0x4a,0xff,0xa6,0xd6,0x46,0xff,0xae,0xd5,0x41,0xff,0xc6,0xe6,0x40,0xff,
    0x51,0x5a,0x27,0xff,0x0c,0x0a,0x1a,0xff,0x19,0x1a,0x1c,0xff,0x17,0x17,0x1c,0xff,
    0x17,0x17,0x1c,0xff,0x17,0x17,0x1c,0xff,0x17,0x17,0x1c,0xff,0x17,0x17,0x1c,0xff,
    0x17,0x17,0x1c,0xff,0x17,0x17,0x1c,0xff,0x17,0x17,0x1c,0xff,0x17,0x17,0x1c,0xff,
    0x17,0x17,0x1c,0xff,0x17,0x17,0x1c,0xff,0x17,0x17,0x1c,0xff,0x17,0x17,0x1c,0xff,
    0x17,0x17,0x1c,0xff,0x17,0x17,0x1c,0xff,0x17,0x17,0x1c,0xff,0x17,0x17,0x1c,0xff,
    0x17,0x17,0x1c,0xff,0x17,0x18,0x1e,0xff,0x15,0x13,0x15,0xff,0x2f,0x3f,0x67,0xff,
    0x3b,0x59,0x90,0xff,0x35,0x58,0x87,0xff,0x35,0x5d,0x89,0xff,0x34,0x61,0x89,0xff,
    0x32,0x65,0x89,0xff,0x32,0x69,0x88,0xff,0x26,0x6e,0x8d,0xff,0xc5,0x60,0x4a,0xff,
    0xff,0x55,0x28,0xff,0x7e,0x6d,0x67,0xff,0x19,0x7f,0x8f,0xff,0x2a,0x80,0x88,0xff,
    0x25,0x85,0x89,0xff,0x23,0x89,0x89,0xff,0x21,0x8d,0x89,0xff,0x23,0x91,0x88,0xff,
    0x27,0x94,0x85,0xff,0x2b,0x98,0x82,0xff,0x2f,0x9c,0x80,0xff,0x33,0x9f,0x7d,0xff,
    0x36,0xa3,0x7a,0xff,0x39,0xa6,0x78,0xff,0x3d,0xaa,0x76,0xff,0x41,0xad,0x73,0xff,
    0x45,0xb0,0x70,0xff,0x4b,0xb2,0x6d,0xff,0x43,0xbd,0x6e,0xff,0x81,0xa0,0x59,0xff,
    0xff,0x50,0x2f,0xff,0xe4,0x6a,0x3b,0xff,0x5e,0xc5,0x60,0xff,0x67,0xc8,0x5c,0xff,
    0x71,0xc9,0x58,0xff,0x7b,0xcb,0x54,0xff,0x85,0xcd,0x50,0xff,0x90,0xcf,0x4c,0xff,
    0x9a,0xd1,0x49,0xff,0xa4,0xd3,0x45,0xff,0xab,0xd1,0x40,0xff,0xc6,0xe5,0x40,0xff,
    0x55,0x5e,0x28,0xff,0x0c,0x09,0x1a,0xff,0x19,0x1a,0x1c,0xff,0x17,0x17,0x1c,0xff,
    0x17,0x17,0x1c,0xff,0x17,0x17,0x1c,0xff,0x17,0x17,0x1c,0xff,0x17,0x17,0x1c,0xff,
    0x17,0x17,0x1c,0xff,0x17,0x17,0x1c,0xff,0x17,0x17,0x1c,0xff,0x17,0x17,0x1c,0xff,
    0x17,0x17,0x1c,0xff,0x17,0x17,0x1c,0xff,0x17,0x17,0x1c,0xff,0x17,0x17,0x1c,0xff,
    0x17,0x17,0x1c,0xff,0x17,0x17,0x1c,0xff,0x17,0x17,0x1c,0xff,0x17,0x17,0x1c,0xff,
    0x17,0x17,0x1c,0xff,0x18,0x18,0x1e,0xff,0x15,0x13,0x15,0xff,0x2a,0x37,0x58,0xff,
    0x3d,0x5e,0x99,0xff,0x38,0x5e,0x91,0xff,0x37,0x63,0x93,0xff,0x36,0x67,0x93,0xff,
    0x34,0x6c,0x93,0xff,0x34,0x70,0x92,0xff,0x28,0x77,0x97,0xff,0xc4,0x62,0x4d,0xff,
    0xfe,0x54,0x27,0xff,0x7e,0x72,0x6d,0xff,0x1a,0x89,0x9a,0xff,0x2b,0x8a,0x92,0xff,
    0x26,0x8f,0x93,0xff,0x24,0x93,0x93,0xff,0x22,0x98,0x93,0xff,0x24,0x9c,0x92,0xff,
    0x28,0x9f,0x8f,0xff,0x2c,0xa4,0x8c,0xff,0x31,0xa8,0x89,0xff,0x35,0xab,0x86,0xff,
    0x39,0xaf,0x83,0xff,0x3d,0xb3,0x81,0xff,0x41,0xb7,0x7e,0xff,0x45,0xbb,0x7a,0xff,
    0x49,0xbe,0x77,0xff,0x50,0xc0,0x74,0xff,0x48,0xcd,0x75,0xff,0x85,0xab,0x5e,0xff,
    0xfe,0x4e,0x2e,0xff,0xe4,0x6d,0x3c,0xff,0x64,0xd5,0x66,0xff,0x6e,0xd8,0x62,0xff,
    0x7a,0xd9,0x5d,0xff,0x84,0xdb,0x59,0xff,0x8f,0xdd,0x55,0xff,0x9b,0xe0,0x51,0xff,
    0xa6,0xe2,0x4d,0xff,0xb0,0xe4,0x49,0xff,0xbb,0xe6,0x44,0xff,0xc7,0xe8,0x40,0xff,
    0x40,0x46,0x23,0xff,0x0f,0x0e,0x1a,0xff,0x19,0x19,0x1c,0xff,0x17,0x17,0x1c,0xff,
    0x17,0x17,0x1c,0xff,0x17,0x17,0x1c,0xff,0x17,0x17,0x1c,0xff,0x17,0x17,0x1c,0xff,
    0x17,0x17,0x1c,0xff,0x17,0x17,0x1c,0xff,0x17,0x17,0x1c,0xff,0x17,0x17,0x1c,0xff,
    0x17,0x17,0x1c,0xff,0x17,0x17,0x1c,0xff,0x17,0x17,0x1c,0xff,0x17,0x17,0x1c,0xff,
    0x17,0x17,0x1c,0xff,0x17,0x17,0x1c,0xff,0x17,0x17,0x1c,0xff,0x17,0x17,0x1c,0xff,
    0x17,0x17,0x1c,0xff,0x17,0x17,0x1c,0xff,0x17,0x16,0x1b,0xff,0x18,0x19,0x20,0xff,
    0x25,0x31,0x4a,0xff,0x26,0x37,0x51,0xff,0x25,0x38,0x50,0xff,0x25,0x3a,0x50,0xff,
    0x24,0x3c,0x50,0xff,0x25,0x3e,0x50,0xff,0x18,0x3f,0x51,0xff,0xc7,0x54,0x3c,0xff,
    0xff,0x5e,0x30,0xff,0x7b,0x4e,0x45,0xff,0x0f,0x46,0x52,0xff,0x22,0x4a,0x50,0xff,
    0x1e,0x4b,0x50,0xff,0x1d,0x4d,0x50,0xff,0x1c,0x4f,0x50,0xff,0x1d,0x51,0x50,0xff,
    0x1e,0x53,0x4e,0xff,0x20,0x54,0x4d,0xff,0x22,0x56,0x4c,0xff,0x24,0x58,0x4a,0xff,
    0x26,0x5a,0x49,0xff,0x27,0x5b,0x48,0xff,0x29,0x5d,0x47,0xff,0x2b,0x5f,0x45,0xff,
    0x2d,0x60,0x44,0xff,0x32,0x62,0x42,0xff,0x25,0x64,0x42,0xff,0x6e,0x62,0x3c,0xff,
    0xff,0x5a,0x33,0xff,0xe4,0x5d,0x35,0xff,0x39,0x6a,0x3c,0xff,0x3c,0x6b,0x3a,0xff,
    0x42,0x6c,0x39,0xff,0x47,0x6d,0x37,0xff,0x4b,0x6e,0x35,0xff,0x51,0x6f,0x33,0xff,
    0x55,0x70,0x32,0xff,0x59,0x70,0x2f,0xff,0x63,0x76,0x2e,0xff,0x49,0x52,0x26,0xff,
    0x14,0x13,0x1b,0xff,0x18,0x18,0x1c,0xff,0x17,0x17,0x1c,0xff,0x17,0x17,0x1c,0xff,
    0x17,0x17,0x1c,0xff,0x17,0x17,0x1c,0xff,0x17,0x17,0x1c,0xff,0x17,0x17,0x1c,0xff,
    0x17,0x17,0x1c,0xfd,0x17,0x17,0x1c,0xff,0x17,0x17,0x1c,0xff,0x17,0x17,0x1c,0xff,
    0x17,0x17,0x1c,0xff,0x17,0x17,0x1c,0xff,0x17,0x17,0x1c,0xff,0x17,0x17,0x1c,0xff,
    0x17,0x17,0x1c,0xff,0x17,0x17,0x1c,0xff,0x17,0x17,0x1c,0xff,0x17,0x17,0x1c,0xff,
    0x17,0x17,0x1c,0xff,0x17,0x17,0x1c,0xff,0x17,0x17,0x1c,0xff,0x17,0x16,0x1b,0xff,
    0x15,0x13,0x14,0xff,0x15,0x12,0x14,0xff,0x15,0x12,0x14,0xff,0x15,0x12,0x14,0xff,
    0x15,0x11,0x14,0xff,0x16,0x11,0x14,0xff,0x13,0x10,0x13,0xff,0x3d,0x20,0x1e,0xff,
    0x4d,0x29,0x23,0xff,0x2b,0x19,0x19,0xff,0x12,0x0e,0x13,0xff,0x17,0x10,0x14,0xff,
    0x16,0x0f,0x14,0xff,0x16,0x0f,0x14,0xff,0x16,0x0e,0x14,0xff,0x16,0x0e,0x14,0xff,
    0x16,0x0e,0x14,0xff,0x16,0x0d,0x14,0xff,0x15,0x0d,0x15,0xff,0x15,0x0d,0x15,0xff,
    0x15,0x0d,0x15,0xff,0x14,0x0c,0x15,0xff,0x14,0x0c,0x15,0xff,0x14,0x0c,0x16,0xff,
    0x14,0x0c,0x16,0xff,0x14,0x0c,0x16,0xff,0x10,0x0a,0x16,0xff,0x23,0x12,0x19,0xff,
    0x4d,0x29,0x22,0xff,0x43,0x22,0x20,0xff,0x12,0x0a,0x17,0xff,0x11,0x0a,0x17,0xff,
    0x10,0x0a,0x18,0xff,0x10,0x0a,0x18,0xff,0x0f,0x0a,0x18,0xff,0x0e,0x09,0x18,0xff,
    0x0d,0x09,0x19,0xff,0x0d,0x09,0x19,0xff,0x0b,0x08,0x19,0xff,0x0e,0x0c,0x1a,0xff,
    0x17,0x17,0x1c,0xff,0x17,0x17,0x1c,0xff,0x17,0x17,0x1c,0xff,0x17,0x17,0x1c,0xff,
    0x17,0x17,0x1c,0xff,0x17,0x17,0x1c,0xff,0x17,0x17,0x1c,0xff,0x17,0x17,0x1c,0xfd,
    0x17,0x17,0x1b,0xef,0x17,0x17,0x1c,0xff,0x17,0x17,0x1c,0xfe,0x17,0x17,0x1c,0xff,
    0x17,0x17,0x1c,0xff,0x17,0x17,0x1c,0xff,0x17,0x17,0x1c,0xff,0x17,0x17,0x1c,0xff,
    0x17,0x17,0x1c,0xff,0x17,0x17,0x1c,0xff,0x17,0x17,0x1c,0xff,0x17,0x17,0x1c,0xff,
    0x17,0x17,0x1c,0xff,0x17,0x17,0x1c,0xff,0x17,0x17,0x1c,0xff,0x17,0x17,0x1c,0xff,
    0x18,0x18,0x1e,0xff,0x18,0x18,0x1e,0xff,0x17,0x18,0x1e,0xff,0x17,0x18,0x1e,0xff,
    0x17,0x18,0x1e,0xff,0x17,0x18,0x1e,0xff,0x18,0x19,0x1e,0xff,0x0f,0x15,0x1c,0xff,
    0x0c,0x13,0x1a,0xff,0x13,0x17,0x1d,0xff,0x18,0x19,0x1e,0xff,0x17,0x19,0x1e,0xff,
    0x17,0x19,0x1e,0xff,0x17,0x19,0x1e,0xff,0x17,0x19,0x1e,0xff,0x17,0x19,0x1e,0xff,
    0x17,0x19,0x1e,0xff,0x17,0x19,0x1e,0xff,0x17,0x19,0x1e,0xff,0x17,0x19,0x1e,0xff,
    0x18,0x19,0x1e,0xff,0x18,0x19,0x1e,0xff,0x18,0x19,0x1d,0xff,0x18,0x1a,0x1d,0xff,
    0x18,0x1a,0x1d,0xff,0x18,0x1a,0x1d,0xff,0x19,0x1a,0x1d,0xff,0x15,0x18,0x1d,0xff,
    0x0c,0x13,0x1b,0xff,0x0e,0x15,0x1b,0xff,0x18,0x1a,0x1d,0xff,0x18,0x1a,0x1d,0xff,
    0x19,0x1a,0x1d,0xff,0x19,0x1a,0x1d,0xff,0x19,0x1a,0x1d,0xff,0x19,0x1a,0x1d,0xff,
    0x19,0x1a,0x1d,0xff,0x19,0x1a,0x1d,0xff,0x1a,0x1a,0x1d,0xff,0x19,0x19,0x1c,0xff,
    0x17,0x17,0x1c,0xff,0x17,0x17,0x1c,0xff,0x17,0x17,0x1c,0xff,0x17,0x17,0x1c,0xff,
    0x17,0x17,0x1c,0xff,0x17,0x17,0x1c,0xfe,0x17,0x17,0x1c,0xff,0x17,0x17,0x1b,0xef,
    0x17,0x17,0x1c,0xce,0x18,0x18,0x1d,0xff,0x17,0x17,0x1c,0xfd,0x17,0x17,0x1c,0xff,
    0x17,0x17,0x1c,0xff,0x17,0x17,0x1c,0xff,0x17,0x17,0x1c,0xff,0x17,0x17,0x1c,0xff,
    0x17,0x17,0x1c,0xff,0x17,0x17,0x1c,0xff,0x17,0x17,0x1c,0xff,0x17,0x17,0x1c,0xff,
    0x17,0x17,0x1c,0xff,0x17,0x17,0x1c,0xff,0x17,0x17,0x1c,0xff,0x17,0x17,0x1c,0xff,
    0x17,0x17,0x1c,0xff,0x17,0x17,0x1c,0xff,0x17,0x17,0x1c,0xff,0x17,0x17,0x1c,0xff,
    0x17,0x17,0x1c,0xff,0x17,0x17,0x1c,0xff,0x17,0x17,0x1c,0xff,0x19,0x18,0x1c,0xff,
    0x1a,0x18,0x1c,0xff,0x18,0x17,0x1c,0xff,0x17,0x17,0x1c,0xff,0x17,0x17,0x1c,0xff,
    0x17,0x17,0x1c,0xff,0x17,0x17,0x1c,0xff,0x17,0x17,0x1c,0xff,0x17,0x17,0x1c,0xff,
    0x17,0x17,0x1c,0xff,0x17,0x17,0x1c,0xff,0x17,0x17,0x1c,0xff,0x17,0x17,0x1c,0xff,
    0x17,0x17,0x1c,0xff,0x17,0x17,0x1c,0xff,0x17,0x17,0x1c,0xff,0x17,0x17,0x1c,0xff,
    0x17,0x17,0x1c,0xff,0x17,0x17,0x1c,0xff,0x17,0x17,0x1c,0xff,0x18,0x17,0x1c,0xff,
    0x1a,0x18,0x1c,0xff,0x19,0x18,0x1c,0xff,0x17,0x17,0x1c,0xff,0x17,0x17,0x1c,0xff,
    0x17,0x17,0x1c,0xff,0x17,0x17,0x1c,0xff,0x17,0x17,0x1c,0xff,0x17,0x17,0x1c,0xff,
    0x17,0x17,0x1c,0xff,0x17,0x17,0x1c,0xff,0x17,0x17,0x1c,0xff,0x17,0x17,0x1c,0xff,
    0x17,0x17,0x1c,0xff,0x17,0x17,0x1c,0xff,0x17,0x17,0x1c,0xff,0x17,0x17,0x1c,0xff,
    0x17,0x17,0x1c,0xff,0x17,0x17,0x1c,0xfd,0x18,0x18,0x1d,0xff,0x17,0x17,0x1c,0xce,
    0x16,0x16,0x1b,0x94,0x18,0x18,0x1d,0xff,0x17,0x17,0x1c,0xfc,0x17,0x17,0x1c,0xff,
    0x17,0x17,0x1c,0xff,0x17,0x17,0x1c,0xff,0x17,0x17,0x1c,0xff,0x17,0x17,0x1c,0xff,
    0x17,0x17,0x1c,0xff,0x17,0x17,0x1c,0xff,0x17,0x17,0x1c,0xff,0x17,0x17,0x1c,0xff,
    0x17,0x17,0x1c,0xff,0x17,0x17,0x1c,0xff,0x17,0x17,0x1c,0xff,0x17,0x17,0x1c,0xff,
    0x17,0x17,0x1c,0xff,0x17,0x17,0x1c,0xff,0x17,0x17,0x1c,0xff,0x17,0x17,0x1c,0xff,
    0x17,0x17,0x1c,0xff,0x17,0x17,0x1c,0xff,0x17,0x17,0x1c,0xff,0x17,0x17,0x1c,0xff,
    0x17,0x17,0x1c,0xff,0x17,0x17,0x1c,0xff,0x17,0x17,0x1c,0xff,0x17,0x17,0x1c,0xff,
    0x17,0x17,0x1c,0xff,0x17,0x17,0x1c,0xff,0x17,0x17,0x1c,0xff,0x17,0x17,0x1c,0xff,
    0x17,0x17,0x1c,0xff,0x17,0x17,0x1c,0xff,0x17,0x17,0x1c,0xff,0x17,0x17,0x1c,0xff,
    0x17,0x17,0x1c,0xff,0x17,0x17,0x1c,0xff,0x17,0x17,0x1c,0xff,0x17,0x17,0x1c,0xff,
    0x17,0x17,0x1c,0xff,0x17,0x17,0x1c,0xff,0x17,0x17,0x1c,0xff,0x17,0x17,0x1c,0xff,
    0x17,0x17,0x1c,0xff,0x17,0x17,0x1c,0xff,0x17,0x17,0x1c,0xff,0x17,0x17,0x1c,0xff,
    0x17,0x17,0x1c,0xff,0x17,0x17,0x1c,0xff,0x17,0x17,0x1c,0xff,0x17,0x17,0x1c,0xff,
    0x17,0x17,0x1c,0xff,0x17,0x17,0x1c,0xff,0x17,0x17,0x1c,0xff,0x17,0x17,0x1c,0xff,
    0x17,0x17,0x1c,0xff,0x17,0x17,0x1c,0xff,0x17,0x17,0x1c,0xff,0x17,0x17,0x1c,0xff,
    0x17,0x17,0x1c,0xff,0x17,0x17,0x1c,0xfc,0x18,0x18,0x1d,0xff,0x16,0x16,0x1b,0x94,
    0x17,0x17,0x1b,0x42,0x18,0x18,0x1d,0xff,0x17,0x17,0x1c,0xfe,0x17,0x17,0x1c,0xff,
    0x17,0x17,0x1c,0xff,0x17,0x17,0x1c,0xff,0x17,0x17,0x1c,0xff,0x17,0x17,0x1c,0xff,
    0x17,0x17,0x1c,0xff,0x17,0x17,0x1c,0xff,0x17,0x17,0x1c,0xff,0x17,0x17,0x1c,0xff,
    0x17,0x17,0x1c,0xff,0x17,0x17,0x1c,0xff,0x17,0x17,0x1c,0xff,0x17,0x17,0x1c,0xff,
    0x17,0x17,0x1c,0xff,0x17,0x17,0x1c,0xff,0x17,0x17,0x1c,0xff,0x17,0x17,0x1c,0xff,
    0x17,0x17,0x1c,0xff,0x17,0x17,0x1c,0xff,0x17,0x17,0x1c,0xff,0x17,0x17,0x1c,0xff,
    0x17,0x17,0x1c,0xff,0x17,0x17,0x1c,0xff,0x17,0x17,0x1c,0xff,0x17,0x17,0x1c,0xff,
    0x17,0x17,0x1c,0xff,0x17,0x17,0x1c,0xff,0x17,0x17,0x1c,0xff,0x17,0x17,0x1c,0xff,
    0x17,0x17,0x1c,0xff,0x17,0x17,0x1c,0xff,0x17,0x17,0x1c,0xff,0x17,0x17,0x1c,0xff,
    0x17,0x17,0x1c,0xff,0x17,0x17,0x1c,0xff,0x17,0x17,0x1c,0xff,0x17,0x17,0x1c,0xff,
    0x17,0x17,0x1c,0xff,0x17,0x17,0x1c,0xff,0x17,0x17,0x1c,0xff,0x17,0x17,0x1c,0xff,
    0x17,0x17,0x1c,0xff,0x17,0x17,0x1c,0xff,0x17,0x17,0x1c,0xff,0x17,0x17,0x1c,0xff,
    0x17,0x17,0x1c,0xff,0x17,0x17,0x1c,0xff,0x17,0x17,0x1c,0xff,0x17,0x17,0x1c,0xff,
    0x17,0x17,0x1c,0xff,0x17,0x17,0x1c,0xff,0x17,0x17,0x1c,0xff,0x17,0x17,0x1c,0xff,
    0x17,0x17,0x1c,0xff,0x17,0x17,0x1c,0xff,0x17,0x17,0x1c,0xff,0x17,0x17,0x1c,0xff,
    0x17,0x17,0x1c,0xff,0x17,0x17,0x1c,0xfe,0x18,0x18,0x1d,0xff,0x17,0x17,0x1b,0x42,
    0x00,0x00,0x00,0x04,0x17,0x17,0x1c,0xd0,0x18,0x18,0x1d,0xfe,0x17,0x17,0x1c,0xfc,
    0x17,0x17,0x1c,0xff,0x17,0x17,0x1c,0xff,0x17,0x17,0x1c,0xff,0x17,0x17,0x1c,0xff,
    0x17,0x17,0x1c,0xff,0x17,0x17,0x1c,0xff,0x17,0x17,0x1c,0xff,0x17,0x17,0x1c,0xff,
    0x17,0x17,0x1c,0xff,0x17,0x17,0x1c,0xff,0x17,0x17,0x1c,0xff,0x17,0x17,0x1c,0xff,
    0x17,0x17,0x1c,0xff,0x17,0x17,0x1c,0xff,0x17,0x17,0x1c,0xff,0x17,0x17,0x1c,0xff,
    0x17,0x17,0x1c,0xff,0x17,0x17,0x1c,0xff,0x17,0x17,0x1c,0xff,0x17,0x17,0x1c,0xff,
    0x17,0x17,0x1c,0xff,0x17,0x17,0x1c,0xff,0x17,0x17,0x1c,0xff,0x17,0x17,0x1c,0xff,
    0x17,0x17,0x1c,0xff,0x17,0x17,0x1c,0xff,0x17,0x17,0x1c,0xff,0x17,0x17,0x1c,0xff,
    0x17,0x17,0x1c,0xff,0x17,0x17,0x1c,0xff,0x17,0x17,0x1c,0xff,0x17,0x17,0x1c,0xff,
    0x17,0x17,0x1c,0xff,0x17,0x17,0x1c,0xff,0x17,0x17,0x1c,0xff,0x17,0x17,0x1c,0xff,
    0x17,0x17,0x1c,0xff,0x17,0x17,0x1c,0xff,0x17,0x17,0x1c,0xff,0x17,0x17,0x1c,0xff,
    0x17,0x17,0x1c,0xff,0x17,0x17,0x1c,0xff,0x17,0x17,0x1c,0xff,0x17,0x17,0x1c,0xff,
    0x17,0x17,0x1c,0xff,0x17,0x17,0x1c,0xff,0x17,0x17,0x1c,0xff,0x17,0x17,0x1c,0xff,
    0x17,0x17,0x1c,0xff,0x17,0x17,0x1c,0xff,0x17,0x17,0x1c,0xff,0x17,0x17,0x1c,0xff,
    0x17,0x17,0x1c,0xff,0x17,0x17,0x1c,0xff,0x17,0x17,0x1c,0xff,0x17,0x17,0x1c,0xff,
    0x17,0x17,0x1c,0xfc,0x18,0x18,0x1d,0xfe,0x17,0x17,0x1c,0xd0,0x00,0x00,0x00,0x04,
    0x00,0x00,0x00,0x00,0x16,0x16,0x1c,0x5a,0x19,0x19,0x1e,0xff,0x17,0x17,0x1c,0xfb,
    0x17,0x17,0x1c,0xff,0x17,0x17,0x1c,0xff,0x17,0x17,0x1c,0xff,0x17,0x17,0x1c,0xff,
    0x17,0x17,0x1c,0xff,0x17,0x17,0x1c,0xff,0x17,0x17,0x1c,0xff,0x17,0x17,0x1c,0xff,
    0x17,0x17,0x1c,0xff,0x17,0x17,0x1c,0xff,0x17,0x17,0x1c,0xff,0x17,0x17,0x1c,0xff,
    0x17,0x17,0x1c,0xff,0x17,0x17,0x1c,0xff,0x17,0x17,0x1c,0xff,0x17,0x17,0x1c,0xff,
    0x17,0x17,0x1c,0xff,0x17,0x17,0x1c,0xff,0x17,0x17,0x1c,0xff,0x17,0x17,0x1c,0xff,
    0x17,0x17,0x1c,0xff,0x17,0x17,0x1c,0xff,0x17,0x17,0x1c,0xff,0x17,0x17,0x1c,0xff,
    0x17,0x17,0x1c,0xff,0x17,0x17,0x1c,0xff,0x17,0x17,0x1c,0xff,0x17,0x17,0x1c,0xff,
    0x17,0x17,0x1c,0xff,0x17,0x17,0x1c,0xff,0x17,0x17,0x1c,0xff,0x17,0x17,0x1c,0xff,
    0x17,0x17,0x1c,0xff,0x17,0x17,0x1c,0xff,0x17,0x17,0x1c,0xff,0x17,0x17,0x1c,0xff,
    0x17,0x17,0x1c,0xff,0x17,0x17,0x1c,0xff,0x17,0x17,0x1c,0xff,0x17,0x17,0x1c,0xff,
    0x17,0x17,0x1c,0xff,0x17,0x17,0x1c,0xff,0x17,0x17,0x1c,0xff,0x17,0x17,0x1c,0xff,
    0x17,0x17,0x1c,0xff,0x17,0x17,0x1c,0xff,0x17,0x17,0x1c,0xff,0x17,0x17,0x1c,0xff,
    0x17,0x17,0x1c,0xff,0x17,0x17,0x1c,0xff,0x17,0x17,0x1c,0xff,0x17,0x17,0x1c,0xff,
    0x17,0x17,0x1c,0xff,0x17,0x17,0x1c,0xff,0x17,0x17,0x1c,0xff,0x17,0x17,0x1c,0xff,
    0x17,0x17,0x1c,0xfb,0x19,0x19,0x1e,0xff,0x16,0x16,0x1c,0x5a,0x00,0x00,0x00,0x00,
    0x00,0x00,0x00,0x03,0x00,0x00,0x00,0x02,0x17,0x17,0x1b,0xc4,0x18,0x18,0x1e,0xff,
    0x17,0x17,0x1c,0xfb,0x17,0x17,0x1c,0xff,0x17,0x17,0x1c,0xff,0x17,0x17,0x1c,0xff,
    0x17,0x17,0x1c,0xff,0x17,0x17,0x1c,0xff,0x17,0x17,0x1c,0xff,0x17,0x17,0x1c,0xff,
    0x17,0x17,0x1c,0xff,0x17,0x17,0x1c,0xff,0x17,0x17,0x1c,0xff,0x17,0x17,0x1c,0xff,
    0x17,0x17,0x1c,0xff,0x17,0x17,0x1c,0xff,0x17,0x17,0x1c,0xff,0x17,0x17,0x1c,0xff,
    0x17,0x17,0x1c,0xff,0x17,0x17,0x1c,0xff,0x17,0x17,0x1c,0xff,0x17,0x17,0x1c,0xff,
    0x17,0x17,0x1c,0xff,0x17,0x17,0x1c,0xff,0x17,0x17,0x1c,0xff,0x17,0x17,0x1c,0xff,
    0x17,0x17,0x1c,0xff,0x17,0x17,0x1c,0xff,0x17,0x17,0x1c,0xff,0x17,0x17,0x1c,0xff,
    0x17,0x17,0x1c,0xff,0x17,0x17,0x1c,0xff,0x17,0x17,0x1c,0xff,0x17,0x17,0x1c,0xff,
    0x17,0x17,0x1c,0xff,0x17,0x17,0x1c,0xff,0x17,0x17,0x1c,0xff,0x17,0x17,0x1c,0xff,
    0x17,0x17,0x1c,0xff,0x17,0x17,0x1c,0xff,0x17,0x17,0x1c,0xff,0x17,0x17,0x1c,0xff,
    0x17,0x17,0x1c,0xff,0x17,0x17,0x1c,0xff,0x17,0x17,0x1c,0xff,0x17,0x17,0x1c,0xff,
    0x17,0x17,0x1c,0xff,0x17,0x17,0x1c,0xff,0x17,0x17,0x1c,0xff,0x17,0x17,0x1c,0xff,
    0x17,0x17,0x1c,0xff,0x17,0x17,0x1c,0xff,0x17,0x17,0x1c,0xff,0x17,0x17,0x1c,0xff,
    0x17,0x17,0x1c,0xff,0x17,0x17,0x1c,0xff,0x17,0x17,0x1c,0xff,0x17,0x17,0x1c,0xfb,
    0x18,0x18,0x1e,0xff,0x17,0x17,0x1b,0xc4,0x00,0x00,0x00,0x02,0x00,0x00,0x00,0x03,
    0x00,0x00,0x00,0x02,0x00,0x00,0x00,0x01,0x15,0x15,0x1d,0x23,0x17,0x17,0x1c,0xf0,
    0x18,0x18,0x1d,0xff,0x17,0x17,0x1c,0xfc,0x17,0x17,0x1c,0xff,0x17,0x17,0x1c,0xff,
    0x17,0x17,0x1c,0xff,0x17,0x17,0x1c,0xff,0x17,0x17,0x1c,0xff,0x17,0x17,0x1c,0xff,
    0x17,0x17,0x1c,0xff,0x17,0x17,0x1c,0xff,0x17,0x17,0x1c,0xff,0x17,0x17,0x1c,0xff,
    0x17,0x17,0x1c,0xff,0x17,0x17,0x1c,0xff,0x17,0x17,0x1c,0xff,0x17,0x17,0x1c,0xff,
    0x17,0x17,0x1c,0xff,0x17,0x17,0x1c,0xff,0x17,0x17,0x1c,0xff,0x17,0x17,0x1c,0xff,
    0x17,0x17,0x1c,0xff,0x17,0x17,0x1c,0xff,0x17,0x17,0x1c,0xff,0x17,0x17,0x1c,0xff,
    0x17,0x17,0x1c,0xff,0x17,0x17,0x1c,0xff,0x17,0x17,0x1c,0xff,0x17,0x17,0x1c,0xff,
    0x17,0x17,0x1c,0xff,0x17,0x17,0x1c,0xff,0x17,0x17,0x1c,0xff,0x17,0x17,0x1c,0xff,
    0x17,0x17,0x1c,0xff,0x17,0x17,0x1c,0xff,0x17,0x17,0x1c,0xff,0x17,0x17,0x1c,0xff,
    0x17,0x17,0x1c,0xff,0x17,0x17,0x1c,0xff,0x17,0x17,0x1c,0xff,0x17,0x17,0x1c,0xff,
    0x17,0x17,0x1c,0xff,0x17,0x17,0x1c,0xff,0x17,0x17,0x1c,0xff,0x17,0x17,0x1c,0xff,
    0x17,0x17,0x1c,0xff,0x17,0x17,0x1c,0xff,0x17,0x17,0x1c,0xff,0x17,0x17,0x1c,0xff,
    0x17,0x17,0x1c,0xff,0x17,0x17,0x1c,0xff,0x17,0x17,0x1c,0xff,0x17,0x17,0x1c,0xff,
    0x17,0x17,0x1c,0xff,0x17,0x17,0x1c,0xff,0x17,0x17,0x1c,0xfc,0x18,0x18,0x1d,0xff,
    0x17,0x17,0x1c,0xf0,0x15,0x15,0x1d,0x23,0x00,0x00,0x00,0x01,0x00,0x00,0x00,0x02,
    0x00,0x00,0x00,0x00,0x00,0x00,0x00,0x03,0x00,0x00,0x00,0x00,0x16,0x16,0x1a,0x44,
    0x17,0x17,0x1c,0xf9,0x18,0x18,0x1d,0xff,0x17,0x17,0x1c,0xfb,0x17,0x17,0x1c,0xff,
    0x17,0x17,0x1c,0xff,0x17,0x17,0x1c,0xff,0x17,0x17,0x1c,0xff,0x17,0x17,0x1c,0xff,
    0x17,0x17,0x1c,0xff,0x17,0x17,0x1c,0xff,0x17,0x17,0x1c,0xff,0x17,0x17,0x1c,0xff,
    0x17,0x17,0x1c,0xff,0x17,0x17,0x1c,0xff,0x17,0x17,0x1c,0xff,0x17,0x17,0x1c,0xff,
    0x17,0x17,0x1c,0xff,0x17,0x17,0x1c,0xff,0x17,0x17,0x1c,0xff,0x17,0x17,0x1c,0xff,
    0x17,0x17,0x1c,0xff,0x17,0x17,0x1c,0xff,0x17,0x17,0x1c,0xff,0x17,0x17,0x1c,0xff,
    0x17,0x17,0x1c,0xff,0x17,0x17,0x1c,0xff,0x17,0x17,0x1c,0xff,0x17,0x17,0x1c,0xff,
    0x17,0x17,0x1c,0xff,0x17,0x17,0x1c,0xff,0x17,0x17,0x1c,0xff,0x17,0x17,0x1c,0xff,
    0x17,0x17,0x1c,0xff,0x17,0x17,0x1c,0xff,0x17,0x17,0x1c,0xff,0x17,0x17,0x1c,0xff,
    0x17,0x17,0x1c,0xff,0x17,0x17,0x1c,0xff,0x17,0x17,0x1c,0xff,0x17,0x17,0x1c,0xff,
    0x17,0x17,0x1c,0xff,0x17,0x17,0x1c,0xff,0x17,0x17,0x1c,0xff,0x17,0x17,0x1c,0xff,
    0x17,0x17,0x1c,0xff,0x17,0x17,0x1c,0xff,0x17,0x17,0x1c,0xff,0x17,0x17,0x1c,0xff,
    0x17,0x17,0x1c,0xff,0x17,0x17,0x1c,0xff,0x17,0x17,0x1c,0xff,0x17,0x17,0x1c,0xff,
    0x17,0x17,0x1c,0xff,0x17,0x17,0x1c,0xfb,0x18,0x18,0x1d,0xff,0x17,0x17,0x1c,0xf9,
    0x16,0x16,0x1a,0x44,0x00,0x00,0x00,0x00,0x00,0x00,0x00,0x03,0x00,0x00,0x00,0x00,
    0x00,0x00,0x00,0x00,0x00,0x00,0x00,0x00,0x00,0x00,0x00,0x04,0x00,0x00,0x00,0x00,
    0x15,0x15,0x19,0x46,0x17,0x17,0x1c,0xee,0x19,0x19,0x1e,0xff,0x17,0x17,0x1c,0xfb,
    0x17,0x17,0x1c,0xfd,0x17,0x17,0x1c,0xff,0x17,0x17,0x1c,0xff,0x17,0x17,0x1c,0xff,
    0x17,0x17,0x1c,0xff,0x17,0x17,0x1c,0xff,0x17,0x17,0x1c,0xff,0x17,0x17,0x1c,0xff,
    0x17,0x17,0x1c,0xff,0x17,0x17,0x1c,0xff,0x17,0x17,0x1c,0xff,0x17,0x17,0x1c,0xff,
    0x17,0x17,0x1c,0xff,0x17,0x17,0x1c,0xff,0x17,0x17,0x1c,0xff,0x17,0x17,0x1c,0xff,
    0x17,0x17,0x1c,0xff,0x17,0x17,0x1c,0xff,0x17,0x17,0x1c,0xff,0x17,0x17,0x1c,0xff,
    0x17,0x17,0x1c,0xff,0x17,0x17,0x1c,0xff,0x17,0x17,0x1c,0xff,0x17,0x17,0x1c,0xff,
    0x17,0x17,0x1c,0xff,0x17,0x17,0x1c,0xff,0x17,0x17,0x1c,0xff,0x17,0x17,0x1c,0xff,
    0x17,0x17,0x1c,0xff,0x17,0x17,0x1c,0xff,0x17,0x17,0x1c,0xff,0x17,0x17,0x1c,0xff,
    0x17,0x17,0x1c,0xff,0x17,0x17,0x1c,0xff,0x17,0x17,0x1c,0xff,0x17,0x17,0x1c,0xff,
    0x17,0x17,0x1c,0xff,0x17,0x17,0x1c,0xff,0x17,0x17,0x1c,0xff,0x17,0x17,0x1c,0xff,
    0x17,0x17,0x1c,0xff,0x17,0x17,0x1c,0xff,0x17,0x17,0x1c,0xff,0x17,0x17,0x1c,0xff,
    0x17,0x17,0x1c,0xff,0x17,0x17,0x1c,0xff,0x17,0x17,0x1c,0xff,0x17,0x17,0x1c,0xfd,
    0x17,0x17,0x1c,0xfb,0x19,0x19,0x1e,0xff,0x17,0x17,0x1c,0xee,0x15,0x15,0x19,0x46,
    0x00,0x00,0x00,0x00,0x00,0x00,0x00,0x04,0x00,0x00,0x00,0x00,0x00,0x00,0x00,0x00,
    0x00,0x00,0x00,0x00,0x00,0x00,0x00,0x00,0x00,0x00,0x00,0x00,0x00,0x00,0x00,0x04,
    0x00,0x00,0x00,0x00,0x13,0x13,0x1a,0x27,0x18,0x18,0x1d,0xbf,0x19,0x19,0x1e,0xff,
    0x18,0x18,0x1d,0xff,0x17,0x17,0x1c,0xff,0x17,0x17,0x1c,0xfc,0x17,0x17,0x1c,0xfd,
    0x17,0x17,0x1c,0xfe,0x17,0x17,0x1c,0xff,0x17,0x17,0x1c,0xff,0x17,0x17,0x1c,0xff,
    0x17,0x17,0x1c,0xff,0x17,0x17,0x1c,0xff,0x17,0x17,0x1c,0xff,0x17,0x17,0x1c,0xff,
    0x17,0x17,0x1c,0xff,0x17,0x17,0x1c,0xff,0x17,0x17,0x1c,0xff,0x17,0x17,0x1c,0xff,
    0x17,0x17,0x1c,0xff,0x17,0x17,0x1c,0xff,0x17,0x17,0x1c,0xff,0x17,0x17,0x1c,0xff,
    0x17,0x17,0x1c,0xff,0x17,0x17,0x1c,0xff,0x17,0x17,0x1c,0xff,0x17,0x17,0x1c,0xff,
    0x17,0x17,0x1c,0xff,0x17,0x17,0x1c,0xff,0x17,0x17,0x1c,0xff,0x17,0x17,0x1c,0xff,
    0x17,0x17,0x1c,0xff,0x17,0x17,0x1c,0xff,0x17,0x17,0x1c,0xff,0x17,0x17,0x1c,0xff,
    0x17,0x17,0x1c,0xff,0x17,0x17,0x1c,0xff,0x17,0x17,0x1c,0xff,0x17,0x17,0x1c,0xff,
    0x17,0x17,0x1c,0xff,0x17,0x17,0x1c,0xff,0x17,0x17,0x1c,0xff,0x17,0x17,0x1c,0xff,
    0x17,0x17,0x1c,0xff,0x17,0x17,0x1c,0xff,0x17,0x17,0x1c,0xff,0x17,0x17,0x1c,0xfe,
    0x17,0x17,0x1c,0xfd,0x17,0x17,0x1c,0xfc,0x17,0x17,0x1c,0xff,0x18,0x18,0x1d,0xff,
    0x19,0x19,0x1e,0xff,0x18,0x18,0x1d,0xbf,0x13,0x13,0x1a,0x27,0x00,0x00,0x00,0x00,
    0x00,0x00,0x00,0x04,0x00,0x00,0x00,0x00,0x00,0x00,0x00,0x00,0x00,0x00,0x00,0x00,
    0x00,0x00,0x00,0x00,0x00,0x00,0x00,0x00,0x00,0x00,0x00,0x00,0x00,0x00,0x00,0x00,
    0x00,0x00,0x00,0x03,0x00,0x00,0x00,0x00,0x00,0x00,0x00,0x00,0x18,0x18,0x1b,0x5e,
    0x17,0x17,0x1d,0xca,0x18,0x18,0x1d,0xff,0x18,0x18,0x1e,0xff,0x18,0x18,0x1d,0xff,
    0x17,0x17,0x1c,0xff,0x17,0x17,0x1c,0xff,0x17,0x17,0x1c,0xff,0x17,0x17,0x1c,0xff,
    0x17,0x17,0x1c,0xff,0x17,0x17,0x1c,0xff,0x17,0x17,0x1c,0xff,0x17,0x17,0x1c,0xff,
    0x17,0x17,0x1c,0xff,0x17,0x17,0x1c,0xff,0x17,0x17,0x1c,0xff,0x17,0x17,0x1c,0xff,
    0x17,0x17,0x1c,0xff,0x17,0x17,0x1c,0xff,0x17,0x17,0x1c,0xff,0x17,0x17,0x1c,0xff,
    0x17,0x17,0x1c,0xff,0x17,0x17,0x1c,0xff,0x17,0x17,0x1c,0xff,0x17,0x17,0x1c,0xff,
    0x17,0x17,0x1c,0xff,0x17,0x17,0x1c,0xff,0x17,0x17,0x1c,0xff,0x17,0x17,0x1c,0xff,
    0x17,0x17,0x1c,0xff,0x17,0x17,0x1c,0xff,0x17,0x17,0x1c,0xff,0x17,0x17,0x1c,0xff,
    0x17,0x17,0x1c,0xff,0x17,0x17,0x1c,0xff,0x17,0x17,0x1c,0xff,0x17,0x17,0x1c,0xff,
    0x17,0x17,0x1c,0xff,0x17,0x17,0x1c,0xff,0x17,0x17,0x1c,0xff,0x17,0x17,0x1c,0xff,
    0x17,0x17,0x1c,0xff,0x17,0x17,0x1c,0xff,0x17,0x17,0x1c,0xff,0x17,0x17,0x1c,0xff,
    0x18,0x18,0x1d,0xff,0x18,0x18,0x1e,0xff,0x18,0x18,0x1d,0xff,0x17,0x17,0x1d,0xca,
    0x18,0x18,0x1b,0x5e,0x00,0x00,0x00,0x00,0x00,0x00,0x00,0x00,0x00,0x00,0x00,0x03,
    0x00,0x00,0x00,0x00,0x00,0x00,0x00,0x00,0x00,0x00,0x00,0x00,0x00,0x00,0x00,0x00,
    0x00,0x00,0x00,0x00,0x00,0x00,0x00,0x00,0x00,0x00,0x00,0x00,0x00,0x00,0x00,0x00,
    0x00,0x00,0x00,0x00,0x00,0x00,0x00,0x02,0x00,0x00,0x00,0x01,0x00,0x00,0x00,0x00,
    0x00,0x00,0x00,0x01,0x16,0x16,0x1e,0x44,0x18,0x18,0x1b,0x92,0x17,0x17,0x1c,0xcc,
    0x17,0x17,0x1b,0xed,0x17,0x17,0x1c,0xfc,0x17,0x17,0x1c,0xff,0x17,0x17,0x1c,0xff,
    0x17,0x17,0x1c,0xff,0x17,0x17,0x1c,0xff,0x17,0x17,0x1c,0xff,0x17,0x17,0x1c,0xff,
    0x17,0x17,0x1c,0xff,0x17,0x17,0x1c,0xff,0x17,0x17,0x1c,0xff,0x17,0x17,0x1c,0xff,
    0x17,0x17,0x1c,0xff,0x17,0x17,0x1c,0xff,0x17,0x17,0x1c,0xff,0x17,0x17,0x1c,0xff,
    0x17,0x17,0x1c,0xff,0x17,0x17,0x1c,0xff,0x17,0x17,0x1c,0xff,0x17,0x17,0x1c,0xff,
    0x17,0x17,0x1c,0xff,0x17,0x17,0x1c,0xff,0x17,0x17,0x1c,0xff,0x17,0x17,0x1c,0xff,
    0x17,0x17,0x1c,0xff,0x17,0x17,0x1c,0xff,0x17,0x17,0x1c,0xff,0x17,0x17,0x1c,0xff,
    0x17,0x17,0x1c,0xff,0x17,0x17,0x1c,0xff,0x17,0x17,0x1c,0xff,0x17,0x17,0x1c,0xff,
    0x17,0x17,0x1c,0xff,0x17,0x17,0x1c,0xff,0x17,0x17,0x1c,0xff,0x17,0x17,0x1c,0xff,
    0x17,0x17,0x1c,0xff,0x17,0x17,0x1c,0xff,0x17,0x17,0x1c,0xfc,0x17,0x17,0x1b,0xed,
    0x17,0x17,0x1c,0xcc,0x18,0x18,0x1b,0x92,0x16,0x16,0x1e,0x44,0x00,0x00,0x00,0x01,
    0x00,0x00,0x00,0x00,0x00,0x00,0x00,0x01,0x00,0x00,0x00,0x02,0x00,0x00,0x00,0x00,
    0x00,0x00,0x00,0x00,0x00,0x00,0x00,0x00,0x00,0x00,0x00,0x00,0x00,0x00,0x00,0x00,
};

static const int kIconSizes[] = { 16, 32, 48, 64 };
static const unsigned char* const kIconPixels[] = { kIcon16, kIcon32, kIcon48, kIcon64 };
